time,measured,sim_initial,sim_optimized
0.0,0.08050057021588067,0.08050057021588067,0.08050057021588067
0.02,0.0803859786568545,0.08030175651732918,0.08025161920534286
0.04,0.07322400621771921,0.07971964191718547,0.0795280559024227
0.06,0.07322400621771921,0.07878355421625564,0.07837628564793915
0.08,0.07333859777674538,0.0775245749388998,0.07684449326255015
0.1,0.07333859777674538,0.07597281358717237,0.07497838449020551
0.12,0.07339589355625846,0.07415704303221195,0.07282065347766305
0.14,0.07339589355625846,0.07210468939951005,0.07041102192141198
0.16,0.07322400621771921,0.06984186924504962,0.06778637253160304
0.18,0.08015679553880217,0.0673934366811298,0.06498088283947913
0.2,0.08714688063939821,0.0647829963051389,0.06202617547092282
0.22,0.08708958485988513,0.06203298229003656,0.058951382958457935
0.24,0.08714688063939821,0.05916467749262993,0.05578347293434601
0.26,0.0943088530785335,0.05619795959908385,0.05254710054454601
0.28,0.10135623395864263,0.05315224598695213,0.04926451218182398
0.3,0.10141352973815572,0.0500450739687792,0.04595735426133753
0.32,0.11539369993934781,0.04689302126729749,0.042642822177850065
0.34,0.12244108081945693,0.04371295365739302,0.03933979905158958
0.36,0.12238378503994383,0.04051780459173026,0.03606181717290974
0.38,0.1293738701405399,0.03732306439734047,0.03282433107613917
0.4,0.136421251020649,0.034140322493258886,0.029637926155859938
0.42,0.14341133612124504,0.0309817155145835,0.02651521283359333
0.44,0.1575060978814633,0.027858436567299,0.02346434021308968
0.46,0.15762068944048946,0.024779828576049913,0.02049475053667134
0.48,0.16466807032059858,0.021755641148510377,0.017613135059531722
0.5,0.17183004275973388,0.01879368330161469,0.01482578946116839
0.52,0.17200193009827314,0.01590168153235043,0.012138043922523212
0.54,0.17916390253740844,0.01308623884171241,0.009553770363330204
0.56,0.18626857919703063,0.010353216399429564,0.007076870946601293
0.58,0.18644046653556987,0.007708057939700615,0.004709309049411807
0.6,0.1935451431951921,0.005154951182750538,0.0024536389008727776
0.62,0.1935451431951921,0.0026982485704495373,0.00031030591311176917
0.64,0.20059252407530123,0.00034064947723603107,-0.0017193930790329029
0.66,0.2074680176168711,-0.0019145491578163015,-0.003636131914553672
0.68,0.21440080693795405,-0.004065873503764723,-0.005439841457280538
0.7,0.22127630047952393,-0.006111146779391157,-0.007131933051222447
0.72,0.22820908980060692,-0.008049763895468394,-0.008713517546082527
0.74,0.22820908980060692,-0.009880767236920766,-0.010186462291127414
0.76,0.22815179402109384,-0.011604149758060504,-0.011552923319685169
0.78,0.23514187912168985,-0.01322013116315276,-0.012815074577075206
0.8,0.23514187912168985,-0.014729178896004011,-0.013975895028571604
0.82,0.24218926000179897,-0.01613252280036024,-0.015037823608420604
0.84,0.24218926000179897,-0.01743109174392552,-0.016004389977314043
0.86,0.249179345102395,-0.01862688187115744,-0.016878322059309704
0.88,0.249179345102395,-0.019721338394299903,-0.01766341368869206
0.9,0.25628402176201726,-0.0207169399133035,-0.018362726630538832
0.92,0.25628402176201726,-0.021615719206290934,-0.018980083906479494
0.94,0.2563413175415303,-0.02242040796718461,-0.01951887790779046
0.96,0.25651320488006957,-0.023133622040927795,-0.01998282224520701
0.98,0.25657050065958265,-0.02375821787219355,-0.020375570537174054
1.0,0.25657050065958265,-0.024297305034280778,-0.02070066287532609
1.02,0.2564559091005565,-0.024753818484480314,-0.020961909886550004
1.04,0.24940852822044735,-0.02513121679208905,-0.021162668375502968
1.06,0.24940852822044735,-0.02543252848861377,-0.021306777981760068
1.08,0.24946582399996045,-0.025661378307753814,-0.021397443707842446
1.1,0.24241844311985133,-0.02582093855155527,-0.021438393022391315
1.12,0.24236114734033823,-0.025914822627193284,-0.021432733265833087
1.14,0.24230385156082515,-0.02594637434085591,-0.021383953452554012
1.16,0.2353137664602291,-0.02591909232671894,-0.021295101061082317
1.18,0.23537106223974216,-0.025836450424121808,-0.02116935849215719
1.2,0.23548565379876835,-0.025701794125284498,-0.021009705817361956
1.22,0.2285528644776854,-0.02551865053401812,-0.02081899499554188
1.24,0.22861016025719844,-0.025290206598956706,-0.02060011181879725
1.26,0.22866745603671154,-0.02501995877226942,-0.02035558128656873
1.28,0.22184925827465476,-0.024710943681069197,-0.02008816673611519
1.3,0.21503106051259796,-0.02436654899586171,-0.01980007243266049
1.32,0.2152029478511372,-0.023989673819064528,-0.019493918323056324
1.34,0.2083274543095673,-0.023583522710778033,-0.019171607407433934
1.36,0.20145196076799746,-0.023150881913692706,-0.018835580272142324
1.38,0.2015665523270236,-0.022694698306007573,-0.01848749121814918
1.4,0.2016238481065367,-0.02221767657424164,-0.018129534067889155
1.42,0.19469105878545373,-0.02172244415555713,-0.01776319702530074
1.44,0.18787286102339693,-0.021211640373244665,-0.017390359428304344
1.46,0.18099736748182704,-0.02068754943163042,-0.017012413187974203
1.48,0.18111195904085323,-0.020152723273735584,-0.016630887418673634
1.5,0.17417916971977027,-0.019609130039543746,-0.016247114785380306
1.52,0.17429376127879642,-0.01905916990552614,-0.015862272610851887
1.54,0.16736097195771346,-0.018504568035075098,-0.015477643924213757
1.56,0.16747556351673962,-0.017947476561207418,-0.015094081100129416
1.58,0.16054277419565666,-0.017389470250410873,-0.014712803570497436
1.6,0.15372457643359988,-0.01683237666819566,-0.014334390477362518
1.62,0.15383916799262604,-0.016277681170610066,-0.013959961249845873
1.64,0.14690637867154308,-0.01572685250707585,-0.013589897671724985
1.66,0.13997358935046011,-0.015181310451272875,-0.013225159400131616
1.68,0.13997358935046011,-0.014642169625011425,-0.012866023752061017
1.7,0.13304080002937715,-0.014110775017248382,-0.01251322991395305
1.72,0.1261080107082942,-0.013587930173406844,-0.01216702993918298
1.74,0.1261080107082942,-0.013074861211123077,-0.011827909918085551
1.76,0.11917522138721122,-0.012572142149550195,-0.011496142647554896
1.78,0.10519505118601914,-0.01208080145407324,-0.011171956814471591
1.8,0.10519505118601914,-0.011601288974306803,-0.010855665212033105
1.82,0.09814767030591001,-0.01113436299351884,-0.010547260887802652
1.84,0.0911002894258009,-0.010680429538345878,-0.010247089047978653
1.86,0.08405290854569177,-0.010239945944445081,-0.009954954194454548
1.88,0.06995814678547352,-0.009813309805379321,-0.009671200374766044
1.9,0.06291076590536439,-0.009400688310914136,-0.009395514679759484
1.92,0.06279617434633822,-0.009002468561068375,-0.009128181575844435
1.94,0.05569149768671602,-0.008618575907607895,-0.008868859015621254
1.96,0.048529525247580724,-0.00824934912769637,-0.008617706498831154
1.98,0.04835763790904148,-0.007894555017676505,-0.008374430854511604
2.0,0.04119566546990619,-0.007554412982405375,-0.008139029157505426
2.02,0.040851890792827694,-0.00722863457568061,-0.007911299015232739
2.04,0.040565411895262284,-0.006917253616286767,-0.007691065449257534
2.06,0.033174256338074665,-0.006620004707101206,-0.007478232628434671
2.08,0.02566850922186088,-0.006336709110807047,-0.007272467659822418
2.1,0.025095551426730058,-0.006067158390907015,-0.007073771960496295
2.12,0.02440800207257307,-0.005810972083948157,-0.006881691676930338
2.14,0.016673071838306956,-0.005567997300396761,-0.00669629198887902
2.16,0.015870930925123806,-0.005337695851459351,-0.006517056960310393
2.18,0.00790681757280536,-0.005119935691703401,-0.0063440587843132884
2.2,0.013922874421679004,-0.004914095689025371,-0.006176795640893928
2.22,0.01283425461093044,-0.004719999084067372,-0.006015278889175519
2.24,0.011917522138721123,-0.0045370342300179905,-0.005859092048017086
2.26,0.011058085446024888,-0.0043649170073200155,-0.005708141959473149
2.28,0.010198648753328652,-0.004203115103281832,-0.0055621353073454114
2.3,0.009568395178684748,-0.004051209244580935,-0.005420856995719007
2.32,0.008995437383553925,-0.003908775472709303,-0.005284150107793669
2.34,0.008708958485988514,-0.0037752651373068476,-0.005151682534284776
2.36,0.0014896902673401404,-0.003650359476613171,-0.005023423809428171
2.38,0.001260507149287811,-0.003533415649106655,-0.004898951205473405
2.4,0.008365183808910019,-0.003424186526086206,-0.004778328318870988
2.42,0.001432394487827058,-0.003321997943922655,-0.0046610890904088525
2.44,0.001432394487827058,-0.003226612128586069,-0.00454733698871867
2.46,0.0013750987083139758,-0.0031374036413564428,-0.004436628161463675
2.48,0.00813600069085769,-0.003054081221195178,-0.004329036994419188
2.5,0.0010886198107485643,-0.0029761303759516457,-0.004224208274733391
2.52,0.0009167324722093171,-0.0029031740931110407,-0.0041221376461225345
2.54,0.0007448451336700702,-0.002834833870327213,-0.004022595790112256
2.56,0.00045836623610465854,-0.002770645061683102,-0.003925475090100008
2.58,0.00022918311805232927,-0.0027103608578442585,-0.0038306856610577345
2.6,0.0,-0.002653454140612635,-0.0037380138450131876
2.62,-0.007276563998161455,-0.0025997772904624438,-0.003647501039138131
2.64,-0.0075630428957268675,-0.0025487920025347942,-0.003558845605010749
2.66,-0.007792226013779196,-0.0025003900204531642,-0.0034721908495640927
2.68,-0.00790681757280536,-0.0024540917060113547,-0.0033871857236355213
2.7,-0.00790681757280536,-0.0024097623383945842,-0.003304025250109089
2.72,-0.001260507149287811,-0.0023670396032826327,-0.003222366839063255
2.74,-0.001604281826366305,-0.0023257237897590043,-0.0031423893544928645
2.76,-0.008823550045014677,-0.002285593640776633,-0.003063822934325773
2.78,-0.009167324722093173,-0.002246374724190506,-0.002986775576899062
2.8,-0.009396507840145502,-0.0022079831569054207,-0.002911090596289003
2.82,-0.016673071838306956,-0.0021700860548729234,-0.0028367749272936874
2.84,-0.02372045271841608,-0.0021327063890365368,-0.0027638014305272447
2.86,-0.023835044277442246,-0.0020954947210342664,-0.0026920675602295436
2.88,-0.024064227395494575,-0.0020585239429183463,-0.0026216713371332388
2.9,-0.02440800207257307,-0.002021490722688694,-0.0025524128509487546
2.92,-0.03156997451170836,-0.0019844487271841894,-0.002484490437508289
2.94,-0.03873194695084365,-0.0019471995624945246,-0.00241763924465155
2.96,-0.04595121516949202,-0.0019097328544980313,-0.0023521128883246096
2.98,-0.046008510949005106,-0.0018719806138866612,-0.0022876338773915074
3.0,-0.046123102508031276,-0.0018338520032087065,-0.0022244467855155065
3.02,-0.05288400449057498,-0.0017954083264181502,-0.002162324617092173
3.04,-0.05288400449057498,-0.0017564877210020334,-0.002101444333786058
3.06,-0.0528267087110619,-0.0017172535832650608,-0.002041675391145587
3.08,-0.05993138537068411,-0.0016775081349509901,-0.0019830924305001096
3.1,-0.06692147047128015,-0.001637463772768691,-0.0019256819925190787
3.12,-0.07396885135138928,-0.001596944727738479,-0.0018694037873505521
3.14,-0.07408344291041545,-0.0015561419273361194,-0.0018143618775366198
3.16,-0.07408344291041545,-0.0015149623402067897,-0.00176040868916597
3.18,-0.08095893645198532,-0.001473525333560761,-0.0017077462708608325
3.2,-0.08107352801101149,-0.0014318504883200475,-0.0016561474663660401
3.22,-0.08113082379052457,-0.0013899639880067423,-0.0016058730150529206
3.24,-0.08107352801101149,-0.0013480010448634761,-0.001556663736806412
3.26,-0.08812090889112062,-0.0013058992424740204,-0.0015087802098335426
3.28,-0.08812090889112062,-0.0012638867571595697,-0.001461992853339441
3.3,-0.08806361311160753,-0.0012218429494557335,-0.0014165006680173385
3.32,-0.0878344299935552,-0.001180040751896179,-0.001372155853264353
3.34,-0.09465262775561199,-0.0011383559199099366,-0.0013290571984201937
3.36,-0.10158541707669497,-0.0010970369443267165,-0.0012871640412119125
3.38,-0.10129893817912955,-0.0010560187997043196,-0.0012464587108724575
3.4,-0.10828902327972559,-0.0010154715759915698,-0.0012070132278744444
3.42,-0.11516451682129547,-0.0009754252868936915,-0.0011686971253136063
3.44,-0.1290300954634614,-0.0009359460703199022,-0.0011316810283990458
3.46,-0.135733701666492,-0.000897167008271575,-0.0010957450556064174
3.48,-0.13556181432795278,-0.0008590513612395238,-0.001061124916580553
3.5,-0.1422654205309834,-0.0008218178958998795,-0.001027554228797638
3.52,-0.14186435007439183,-0.000785353816518559,-0.000995280991128299
3.54,-0.14868254783644863,-0.0007499209483181027,-0.0009640515223074416
3.56,-0.1485106604979094,-0.0007153822189320658,-0.0009340634035837819
3.58,-0.1555007455985054,-0.0006819767074633666,-0.0009051328739867316
3.6,-0.16243353491958837,-0.0006496072401617601,-0.0008773643911227429
3.62,-0.1623189433605622,-0.0006184334938917546,-0.0008506746714057523
3.64,-0.16214705602202298,-0.0005884403874489811,-0.0008250548536438963
3.66,-0.1689079580045667,-0.0005596794147292656,-0.0008005326564389887
3.68,-0.1756688599871104,-0.0005322308601269216,-0.0007769854114069517
3.7,-0.17549697264857117,-0.0005060361319460635,-0.0007545430181172862
3.72,-0.175382381089545,-0.00048125899569716543,-0.0007329878780842799
3.74,-0.1821432830720887,-0.00045775435444864973,-0.0007125240440363303
3.76,-0.18878959349560626,-0.0004357326036531217,-0.0006928770832465012
3.78,-0.19537860813961072,-0.00041501083079569027,-0.0006742780883224893
3.8,-0.1950921292420453,-0.00039578492541604175,-0.0006564516242217845
3.82,-0.20179573544507595,-0.00037789849362570335,-0.0006395937916889517
3.84,-0.20849934164810657,-0.0003614741333270456,-0.000623488159369128
3.86,-0.20827015853005426,-0.0003464302899310014,-0.0006082484908316
3.88,-0.20821286275054116,-0.0003327842653512508,-0.0005937538502356105
3.9,-0.2149164689535718,-0.0003205476836798885,-0.0005800107574802292
3.92,-0.2217346667156286,-0.0003096274789095725,-0.0005670090728625865
3.94,-0.2284955686981723,-0.00030012188761822716,-0.0005546430104688395
3.96,-0.22832368135963305,-0.00029184749619170396,-0.0005430093920810872
3.98,-0.23502728756266367,-0.00028495784811281225,-0.0005319041482541627
4.0,-0.241501710647642,-0.00027922410314781197,-0.0005215081809221986
4.02,-0.2412152317500766,-0.00027479922572280833,-0.0005115521534953403
4.04,-0.24786154217359413,-0.00027147207591469015,-0.0005022591897286418
4.06,-0.25467973993565096,-0.00026933420355886446,-0.0004933462647528152
4.08,-0.26109686724111614,-0.0002682459709345224,-0.00048501902407995163
4.1,-0.2606957967845246,-0.00026820188864517494,-0.0004770415159344808
4.12,-0.26734210720804213,-0.00026915695592790844,-0.0004695494950244633
4.14,-0.27410300919058583,-0.0002709994344927456,-0.00046239707296116063
4.16,-0.2878539962737256,-0.0002737778955491289,-0.0004556198108743855
4.18,-0.28768210893518636,-0.00027728954994244023,-0.0004491818621396421
4.2,-0.29450030669724314,-0.00028165094219652955,-0.0004430085841633167
4.22,-0.3013185044592999,-0.0002866082141272137,-0.00043717515313873296
4.24,-0.30819399800086983,-0.0002922953659692846,-0.000431505633122914
4.26,-0.30802211066233054,-0.00029846848872299786,-0.0004261682474283167
4.28,-0.3078502233237913,-0.0003052154158384041,-0.0004209135614823071
4.3,-0.314553829526822,-0.00031236182232611317,-0.0004159659394379682
4.32,-0.32142932306839184,-0.00031990807692041447,-0.00041104910035748944
4.34,-0.3282475208304486,-0.00032777806402907315,-0.0004063877414964574
4.36,-0.3279610419328832,-0.00033587061415452416,-0.0004017384732468322
4.38,-0.32767456303531783,-0.00034421115830945677,-0.00039726886782397115
4.4,-0.33437816923834845,-0.00035260783847122963,-0.0003928182478662758
4.42,-0.34113907122089215,-0.00036116609639006824,-0.00038846097722487137
4.44,-0.34096718388235286,-0.000369638983221479,-0.00038414378377622717
4.46,-0.3406807049847875,-0.0003781655537437869,-0.00037983267792744403
4.48,-0.3403942260872221,-0.0003865018361487642,-0.0003755875567126865
4.5,-0.3471551280697658,-0.00039475601520151996,-0.0003712698001415166
4.52,-0.35403062161133564,-0.0004027495433589442,-0.0003670393181561086
4.54,-0.3538587342727964,-0.0004105133123455984,-0.0003626754483822138
4.56,-0.3536295511547441,-0.0004179678296999096,-0.0003584060392390526
4.58,-0.35345766381620486,-0.0004250475146528289,-0.0003539698453002193
4.6,-0.36027586157826164,-0.0004317793203483691,-0.00034961165320479835
4.62,-0.3601039742397224,-0.0004380071212155283,-0.0003450870062073378
4.64,-0.3529420018005871,-0.0004438469112712271,-0.00034059661283147435
4.66,-0.35282741024156095,-0.00044908250356959494,-0.00033596850736975924
4.68,-0.3526555229030217,-0.00045387692498790574,-0.0003313172791241251
4.7,-0.3525982271235086,-0.0004580077014701548,-0.0003265734901512077
4.72,-0.3454935504638864,-0.00046162144900670595,-0.00032174515946339005
4.74,-0.3453216631253472,-0.00046455271983109823,-0.0003168759805579067
4.76,-0.3452643673458341,-0.0004668800150613182,-0.0003118660152535219
4.78,-0.33821698646572496,-0.00046853423103545964,-0.00030686376800872584
4.8,-0.3380450991271857,-0.0004695005591267155,-0.00030167885938183614
4.82,-0.3308831266880504,-0.00046981831695092784,-0.0002965373556247964
4.84,-0.3308831266880504,-0.00046937964678506726,-0.0002911948638661377
4.86,-0.33076853512902427,-0.000468319501329275,-0.0002859088311276039
4.88,-0.3306539435699981,-0.00046646200218403627,-0.0002804350028039893
4.9,-0.3234919711308628,-0.0004639999769496988,-0.00027500067835697396
4.92,-0.3163299986917275,-0.00046073908197459133,-0.0002694208039870459
4.94,-0.3161581113531883,-0.00045686819511608467,-0.0002638445493000063
4.96,-0.315986224014649,-0.00045223825275438886,-0.0002581825984062053
4.98,-0.3157570408965967,-0.00044697687732124064,-0.00025248001372314504
5.0,-0.3085950684574614,-0.00044101000120038943,-0.0002467310597429413
5.02,-0.30842318111892214,0.05668914465777208,0.0710493330458522
5.04,-0.20345731305095532,0.26941109831835924,0.33644815197006694
5.06,0.118315784694515,0.5359901320145554,0.6655305672517653
5.08,0.4751538995019917,0.8112417014284712,0.9982085443236375
5.1,0.7619765717444819,1.0846241621760073,1.3211932467451892
5.12,0.9788410972014984,1.353981786188282,1.6322622138261187
5.14,1.1467750269543429,1.6184735609491065,1.9309478234597528
5.16,1.2936241098463728,1.8775024430784832,2.217101633746797
5.18,1.447520573618512,2.130556072770615,2.4906734099733563
5.2,1.6223872926924392,2.37718083656416,2.751672848647793
5.22,1.8115206608651238,2.6169773683714044,3.000161175147844
5.24,1.986444675718564,2.849594194807859,3.236240835659727
5.26,2.1477322950478905,3.074732693713144,3.4600609288658286
5.28,2.308676139700139,3.2921305304019604,3.6717950537660453
5.3,2.4696199843523874,3.5015840016022928,3.8716645806749392
5.32,2.623974814360631,3.702915439500989,4.0599092623195165
5.34,2.763833812152065,3.8959861860481446,4.236776834022819
5.36,2.904208471959117,4.080726477536867,4.40260047540859
5.38,3.044124765530064,4.257029237467325,4.557615401200066
5.4,3.1705765509154364,4.42491652184707,4.702220793303987
5.42,3.297028336300809,4.584347049367879,4.836681922170529
5.44,3.415974374569968,4.735371414882472,4.9613889078197415
5.46,3.5354933706342577,4.878045401912423,5.076676019024547
5.48,3.647334732243795,5.012431651677619,5.182898411263007
5.5,3.752816262327379,5.138654011078,5.280434073594784
5.52,3.850677453735724,5.256813581089486,5.369627611879846
5.54,3.9491116029391993,5.367065834710856,5.450863154471957
5.56,4.039868117687922,5.469559392058882,5.524490488697704
5.58,4.12443668824923,5.564468692113341,5.590881397274009
5.6,4.201098441237735,5.651982517901111,5.650389308572049
5.62,4.285609716019532,5.732291235531528,5.703369118508377
5.64,4.362271469008036,5.805613844910364,5.750171911098603
5.66,4.43280257358864,5.872154850467627,5.791133856819007
5.68,4.502474241476548,5.932152946445039,5.82659759251479
5.7,4.572088613584943,5.985827327525104,5.856880720574761
5.72,4.635686928844464,6.033425077702229,5.882310715059772
5.74,4.6983112158522635,6.075180742216745,5.903188997367373
5.76,4.754862150231676,6.11134146923592,5.919821461520377
5.78,4.8104963521388795,6.142153836463863,5.932494820153166
5.8,4.859197764724999,6.167862240846793,5.941490571114752
5.82,4.908815909783328,6.188718687312418,5.9470791244471455
5.84,4.957517322369449,6.204965116642879,5.949518588028442
5.86,5.006161439176054,6.216851445171479,5.949059994879178
5.88,5.048789499133788,6.224618031490765,5.945940412281905
5.9,5.090443530839798,6.228507051533441,5.940388985405871
5.92,5.125279364783753,6.228755443221151,5.932623091992639
5.94,5.159886015609654,6.225595932673399,5.922849855546043
5.96,5.195581286246305,6.219258176905668,5.911266819787775
5.98,5.23024523285172,6.209965512530508,5.898060031383077
6.0,5.2650237710161605,6.1979369845342935,5.883407551491972
6.02,5.292869519859519,6.183385450584192,5.867475237030601
6.04,5.320600677143851,6.166517975264279,5.850421947905376
6.06,5.342430369138335,6.147535213995631,5.832394964865601
6.08,5.3702188222021805,6.126631986937085,5.813534178764312
6.1,5.391017190165429,6.103994596380093,5.793969266502818
6.12,5.411872853908191,6.079806117008657,5.773823237685621
6.14,5.432556630312414,6.05423700812051,5.753207527385872
6.16,5.4532404067166365,6.027457677966989,5.732231028444563
6.18,5.473866887341345,5.999624287873603,5.710987317013618
6.2,5.488706494235235,5.970891291840308,5.689571935444323
6.22,5.509390270639457,5.941403547378603,5.668063179624785
6.24,5.5233131450611355,5.9112972694098795,5.646542598515159
6.26,5.537121427923789,5.88070666972435,5.625076261344101
6.28,5.557919795887038,5.849750744708894,5.6037314784243915
6.3,5.571728078749691,5.818551380246927,5.582564089255805
6.32,5.58565095317137,5.787213046584249,5.56162797804425
6.34,5.599459236034022,5.75584334000339,5.540970102060972
6.36,5.607423349386341,5.724534624669826,5.520632011284405
6.38,5.614126955589372,5.693379200890086,5.500652906253354
6.4,5.634982619332134,5.662458802503468,5.481063219407134
6.42,5.641858112873703,5.631850480157386,5.461895225237761
6.44,5.648733606415273,5.601626310618784,5.443169752937865
6.46,5.655666395736357,5.5718486838315595,5.4249124847965495
6.48,5.669474678599009,5.542580524146135,5.4071366009681014
6.5,5.676350172140579,5.5138708691559,5.389860993519865
6.52,5.683225665682149,5.48577327721604,5.373093451919888
6.54,5.683111074123122,5.45832564750825,5.3568457569816195
6.56,5.689986567664692,5.431571211108173,5.341122056858292
6.58,5.696747469647236,5.405539525818908,5.325927304044906
6.6,5.703737554747832,5.38026253712431,5.311263058836166
6.62,5.703622963188806,5.355763482634381,5.297128218031462
6.64,5.7035656674092925,5.332063214049352,5.283522267790878
6.66,5.710326569391837,5.309179649021596,5.270439154588937
6.68,5.710269273612323,5.287123644097071,5.257876382509078
6.7,5.717202062933406,5.265907979912295,5.245824297843192
6.72,5.710097386273784,5.245535318455228,5.234278173961047
6.74,5.710097386273784,5.226012833793436,5.223226280250985
6.76,5.709982794714758,5.2073373288998015,5.212661252383063
6.78,5.716972879815354,5.189509588610535,5.2025705865850975
6.8,5.716972879815354,5.172522686012507,5.192944162903325
6.82,5.716915584035841,5.1563707615579935,5.183769466133458
6.84,5.7098682031557315,5.141044392799189,5.17503394189149
6.86,5.709753611596706,5.126531706625378,5.166725378743011
6.88,5.709753611596706,5.112821230872325,5.158829371994692
6.9,5.709696315817193,5.099896288823503,5.151334002164055
6.92,5.70276352649611,5.087743222891272,5.144223782567952
6.94,5.702648934937083,5.076342172564374,5.137486830268278
6.96,5.702648934937083,5.065676799293188,5.131107457492181
6.98,5.702648934937083,5.0557257505480155,5.125073437321246
7.0,5.695658849836487,5.046469652526387,5.1193696810228655
7.02,5.695658849836487,5.037886696760486,5.113983372637891
7.04,5.695486962497948,5.02995481574689,5.108900452798691
7.06,5.695486962497948,5.022652134583893,5.104107598223165
7.08,5.688554173176866,5.015954663968349,5.099591902914552
7.1,5.6816213838557825,5.009840417583363,5.095339794382896
7.12,5.68156408807627,5.004284511192946,5.091339437146536
7.14,5.681506792296756,4.999264549628705,5.08757738403592
7.16,5.67451670719616,4.994755821711882,5.084042641251242
7.18,5.660421945435942,4.990735289757319,5.080722329533329
7.2,5.652343240524598,4.987179049879439,5.077605990896002
7.22,5.645353155424002,4.98406362693298,5.074681729241295
7.24,5.645295859644489,4.981366120988701,5.0719393823434125
7.26,5.638363070323405,4.979063091086086,5.069368239069705
7.28,5.631258393663783,4.977132568766176,5.066958394792228
7.3,5.6242110127836735,4.975551737425264,5.064700342451618
7.32,5.617220927683078,4.974299371058239,5.0625845085599375
7.34,5.610116251023456,4.973353808528643,5.060602490544375
7.36,5.60312616592286,4.972694476840503,5.058745191492312
7.38,5.596193376601776,4.972301100957107,5.057005132652385
7.4,5.589203291501181,4.97215392468602,5.055373883464347
7.42,5.589203291501181,4.972234057791394,5.053844661431583
7.44,5.575223121299989,4.972522824849327,5.052409897511008
7.46,5.561300246878309,4.973002612303699,5.0510633002366285
7.48,5.553278837746478,4.973656080233708,5.0497982532133925
7.5,5.546403344204908,4.974466827620182,5.04860886321393
7.52,5.539470554883826,4.975418922138477,5.047489456312363
7.54,5.532537765562742,4.976497225044582,5.046434517042408
7.56,5.525547680462146,4.977687210244865,5.045439236942401
7.58,5.51855759536155,4.978975027037399,5.044498505994504
7.6,5.511624806040468,4.980347566017947,5.043608257380909
7.62,5.511567510260954,4.981792221170323,5.042763849297617
7.64,5.497701931618788,4.983297345512579,5.04196179908276
7.66,5.490769142297705,4.984851483221249,5.041198021509133
7.68,5.4837790571971095,4.986444476386718,5.040469451439261
7.7,5.477018155214565,4.988065969845928,5.039772623494094
7.72,5.477075450994079,4.989707201748304,5.039104769525697
7.74,5.470257253232022,4.991358991769525,5.038463050440306
7.76,5.4625223229977555,4.993013751044336,5.037844931235976
7.78,5.455704125235699,4.994663612249072,5.03724816229054
7.8,5.455933308353751,4.996301928387034,5.036670415159591
7.82,5.449115110591694,4.99792218667087,5.036109961016091
7.84,5.449286997930233,4.999518562846331,5.035564683246134
7.86,5.435478715067581,5.001085844443664,5.03503327829729
7.88,5.428660517305524,5.002618973842249,5.034513875215104
7.9,5.428832404644063,5.004113924484787,5.034005477080759
7.92,5.42894699620309,5.00556639721719,5.033506517187598
7.94,5.422071502661519,5.006973381329875,5.0330161798728765
7.96,5.415196009119949,5.0083313840158645,5.032533246380207
7.98,5.415253304899463,5.009638185791732,5.032056991095465
8.0,5.40832051557838,5.010891185192028,5.031586553148407
8.02,5.4083778113578935,5.012088730176675,5.031121243595125
8.04,5.401502317816322,5.0132291345490545,5.030660541187246
8.06,5.39456952849524,5.01431117978506,5.030203770274576
8.08,5.387751330733184,5.0153340383881835,5.02975070628928
8.1,5.387923218071722,5.0162968687669665,5.029300692325945
8.12,5.381162316089179,5.017199577714311,5.028853733714891
8.14,5.374344118327121,5.0180417099942565,5.028409225934967
8.16,5.374458709886148,5.018823728115053,5.027967314085866
8.18,5.367640512124091,5.0195456258923565,5.027527507116747
8.2,5.353889525040952,5.020208217686762,5.027089986781336
8.22,5.354061412379491,5.020812004329643,5.026654434132526
8.24,5.340310425296351,5.021357993219743,5.026220986471133
8.26,5.333606819093321,5.021847182982732,5.025789526770436
8.28,5.326845917110776,5.022280697734245,5.025360102588039
8.3,5.327017804449316,5.022659965038116,5.024932801646294
8.32,5.320371494025798,5.022986207218639,5.024507564717063
8.34,5.312521972232506,5.023261168252242,5.024084662587102
8.36,5.298885576708392,5.0234861969108175,5.023663940159828
8.38,5.292010083166822,5.023663210612261,5.023245805097993
8.4,5.285191885404767,5.02379374265175,5.022830045050572
8.42,5.278373687642709,5.023879744059562,5.022417133875959
8.44,5.271555489880653,5.02392295765736,5.022006867982597
8.46,5.271727377219191,5.0239252883255014,5.021599698566345
8.48,5.264966475236648,5.023888664534293,5.021195505097751
8.5,5.258262869033617,5.02381491691754,5.020794637863305
8.52,5.251501967051073,5.023706102318869,5.0203971056009715
8.54,5.2447410650685296,5.023563981664663,5.020003116698071
8.56,5.2378082757474465,5.023390669950997,5.019612826685941
8.58,5.2311046695444166,5.023187874542221,5.019226288596465
8.6,5.22411458444382,5.02295769625126,5.018843796892887
8.62,5.224171880223333,5.022701815546062,5.018465262898239
8.64,5.217181795122737,5.022422246562753,5.018091086962916
8.66,5.203258920701058,5.022120672039924,5.0177210790004505
8.68,5.196268835600462,5.021798953697574,5.017355687303258
8.7,5.196268835600462,5.021458803820809,5.01699468679069
8.72,5.189336046279379,5.021101881292524,5.016638494825745
8.74,5.1753558760781875,5.020729936544459,5.016286932468811
8.76,5.161547593215534,5.020344409251102,5.015940309566087
8.78,5.154557508114938,5.019947062069222,5.015598549014255
8.8,5.147624718793855,5.019539142648099,5.015261812465173
8.82,5.133701844372176,5.019122362067028,5.014930150615008
8.84,5.125795026799371,5.018697844311902,5.014603563733398
8.86,5.125795026799371,5.018267159191967,5.014282230433666
8.88,5.111872152377692,5.017831388139355,5.013966002367693
8.9,5.1049966588361215,5.01739188213071,5.013655161144509
8.92,5.098063869515039,5.016949729904285,5.0133494478664025
8.94,5.091131080193956,5.0165060295893324,5.013049197732269
8.96,5.084198290872873,5.016061893402721,5.012754103976058
8.98,5.070332712230707,5.015618167015493,5.012464484070347
9.0,5.063399922909624,5.015175970406725,5.012180064041639
9.02,5.056409837809028,5.0147359329040455,5.011901068979725
9.04,5.049477048487945,5.014299132943423,5.011627317582357
9.06,5.0425442591668626,5.013866056242925,5.011358899920745
9.08,5.035554174066267,5.01343766069264,5.01109575776252
9.1,5.028621384745183,5.013014383411431,5.010837831071228
9.12,5.0216885954241,5.012596982770014,5.010585189471394
9.14,5.014755806103017,5.0121859130847675,5.010337632353655
9.16,5.0077657210024205,5.011781698399543,5.010095337766382
9.18,5.0007756359018245,5.011384837544264,5.009857997980756
9.2,4.993785550801229,5.01099562269816,5.009625856471909
9.22,4.9867954657006335,5.010614589036141,5.009398555068918
9.24,4.97986267637955,5.0102418352136056,5.009176337706555
9.26,4.972929887058467,5.009877889925718,5.008958872160695
9.28,4.966054393516897,5.009522731417993,5.008746330371527
9.3,4.958204871723606,5.009176808817022,5.008538467527803
9.32,4.944224701522413,5.00884007635503,5.008335337873962
9.34,4.944224701522413,5.008512826976695,5.008136817151432
9.36,4.944110109963387,5.0081950594600775,5.007942823806433
9.38,4.930187235541708,5.0078868761384,5.00775336230002
9.4,4.9233690377796515,5.007588349689114,5.007568220506941
9.42,4.923311742000138,5.007299394089028,5.007387516645324
9.44,4.9164362484585675,5.007020150208514,5.007210935936479
9.46,4.909388867578459,5.006750379409417,5.007038672874972
9.48,4.902456078257376,5.006490252004477,5.006870360039335
9.5,4.902513374036889,5.006239444319584,5.0067062090895105
9.52,4.902570669816402,5.0059980884344055,5.006545870566299
9.54,4.895580584715806,5.005765865678081,5.006389503328569
9.56,4.888590499615209,5.00554279696565,5.006236838352581
9.58,4.888533203835697,5.00532863372444,5.006087932219665
9.6,4.888533203835697,5.005123250970242,5.005942632052794
9.62,4.888475908056184,5.004926498235644,5.005800870539445
9.64,4.881543118735101,5.004738104298119,5.005662622343286
9.66,4.888475908056184,5.004558011843123,5.005527696860665
9.68,4.888418612276671,5.004385833794498,5.005396185608967
9.7,4.881485822955588,5.00422157032656,5.005267797000912
9.72,4.881543118735101,5.0040647780636975,5.005142707136975
9.74,4.888533203835697,5.003915451684252,5.0050205669907575
9.76,4.888475908056184,5.003773173057785,5.004901583866667
9.78,4.895408697377267,5.003637861414116,5.004785415589328
9.8,4.895351401597754,5.0035091844484185,5.004672233602377
9.82,4.895351401597754,5.003386949567178,5.004561766377324
9.84,4.902398782477863,5.0032709367865875,5.004454095699355
9.86,4.902456078257376,5.003160837337621,5.0043490594592
9.88,4.909388867578459,5.00305653949545,5.004246624420146
9.9,4.916264361120029,5.0029576423212285,5.004146752807273
9.92,4.916264361120029,5.002864109775808,5.004049292342928
9.94,4.916264361120029,5.002775499960409,5.0039543232803005
9.96,4.916378952679055,5.002691793549613,5.00386162963599
9.98,4.9233690377796515,5.00261291231998,5.003771283196832
10.0,4.923311742000138,5.0025339514812766,5.003676694170184
10.02,4.923254446220625,5.001681074106578,5.00258091192935
10.04,4.923139854661598,4.997998720044657,4.997974750698449
10.06,4.902284190918836,4.991099651642294,4.98953816127841
10.08,4.874381146295965,4.980729521022811,4.976951170688276
10.1,4.839602608131525,4.967348301474834,4.96057964583492
10.12,4.811699563508653,4.950328148523663,4.939900976407861
10.14,4.77594699709249,4.9298623678813565,4.915387236999444
10.16,4.734178373827453,4.906571351168691,4.887861417471183
10.18,4.69917065254496,4.880905981059458,4.858020148898448
10.2,4.671324903701602,4.853743495126779,4.82698059085845
10.22,4.643364563299218,4.824619546228567,4.7941113793406
10.24,4.607611996883055,4.79315089657448,4.758957914162581
10.26,4.56590066939753,4.758609597059519,4.720646222526957
10.28,4.524132046132493,4.722341319763534,4.680882318396041
10.3,4.482248831308429,4.684528785736421,4.639872859763948
10.32,4.446610856451293,4.644832149176259,4.597142546683495
10.34,4.40472764162723,4.603080480051423,4.552504599131434
10.36,4.355911637482083,4.559581110138531,4.506324783536465
10.38,4.314143014217047,4.514257463988526,4.458470416440897
10.4,4.264524869158717,4.467995171797529,4.4101602299025515
10.42,4.22275624589368,4.421074406324599,4.361774183549933
10.44,4.180873031069616,4.374364102169177,4.31422833657258
10.46,4.139161703584093,4.326508938905461,4.265730177871895
10.48,4.090345699438947,4.277527936875711,4.216303810108051
10.5,4.040842145939644,4.2277216758420515,4.166317725378887
10.52,3.992083437574011,4.177148176830902,4.11582957990988
10.54,3.950200222749948,4.126589825985733,4.065788684247661
10.56,3.9083743037053975,4.076185204496949,4.016331836881211
10.58,3.8657462437476644,4.024748443987509,3.965947976481398
10.6,3.816930239602518,3.97245698066678,3.914896001690727
10.62,3.7681142354573725,3.9193979815517124,3.8632305162886857
10.64,3.719298231312226,3.8663188173008236,3.8118157519225897
10.66,3.66286188849184,3.813510399623064,3.761016045076588
10.68,3.6208640821087505,3.7612662714498204,3.7111082489800182
10.7,3.5790381630642005,3.7094661945990355,3.662042763839083
10.72,3.5440877375612203,3.6584281311112483,3.6141642038231394
10.74,3.5021472269576437,3.6070927736498466,3.565991426328857
10.76,3.4671395056751506,3.5552585919295607,3.517241444763551
10.78,3.4245687414969304,3.503961725575814,3.469251585831171
10.8,3.3965511053150332,3.4538279021457483,3.422658422846125
10.82,3.368705356471675,3.4030436286214005,3.37513943670389
10.84,3.3336403394096688,3.351446689622727,3.3265490394887665
10.86,3.2986326181271752,3.2998471524084425,3.277918062910352
10.88,3.263624896844682,3.2488198564555977,3.2298536933441215
10.9,3.235091598647167,3.1990399072109335,3.183229430311917
10.92,3.207131258244783,3.15024742394641,3.137721491400222
10.94,3.186161002942995,3.1015381633419143,3.092165333137123
10.96,3.1512105774400148,3.0528935091408935,3.0465684278300156
10.98,3.1162028561575212,3.00481569084171,3.0015338646560528
11.0,3.0952898966352462,2.9574157778068244,2.9570589519056045
11.02,3.067272260453349,2.9098598855454862,2.9121557284997186
11.04,3.0322072433913423,2.8628358156686926,2.8678598967676177
11.06,3.0042469029889585,2.8158357877338354,2.8234779953067584
11.08,2.968666223911334,2.7687417769071683,2.778798814736552
11.1,2.933658502628841,2.722046143951878,2.7344071515364425
11.12,2.905698162226457,2.676061765110363,2.6906597801800727
11.14,2.8776232302650464,2.631587006227572,2.6485788295805888
11.16,2.8495482983036364,2.5881601735771613,2.6076103934849675
11.18,2.821530662121739,2.544516912139386,2.566156119253983
11.2,2.7934557301603284,2.5003546698121197,2.523950601964838
11.22,2.7584480088778354,2.45689846597365,2.482484054512953
11.24,2.7299720064598336,2.4141502275197197,2.4416550439686375
11.26,2.7018970744984228,2.371063650837419,2.4001689548664813
11.28,2.666832057436417,2.3287260972745414,2.359425159606287
11.3,2.645804506355115,2.286899077924288,2.3191078342787956
11.32,2.617786870173218,2.244216772519277,2.2775428641064135
11.34,2.582664557331699,2.201810272470667,2.236122943935738
11.36,2.5545896253702884,2.1597352290564165,2.1949038042975975
11.38,2.533504778509474,2.1187049272318554,2.1548764900850386
11.4,2.505487142327577,2.078298038765362,2.115470558723411
11.42,2.4774122103661664,2.038385178290026,2.076445141931756
11.44,2.448878912168652,1.9987219290268234,2.037510807199003
11.46,2.420918571766267,1.9595390119609886,1.9990113119931974
11.48,2.392843639804857,1.9200052448770666,1.95986808940641
11.5,2.3648260036229596,1.8806302076601054,1.9207281159714238
11.52,2.3298182823404665,1.8416586044363352,1.8819139002676337
11.54,2.3016860545995432,1.8031909674008266,1.8436170618862946
11.56,2.2666210375375364,1.7638548055576408,1.8041089174626075
11.58,2.2175758502743386,1.7239702688223317,1.7637846889169462
11.6,2.1754061565527096,1.6842962758515776,1.7235870298996332
11.62,2.1332937586105944,1.6451603011424614,1.6839822735725791
11.64,2.097655783753457,1.6069643235440851,1.6454181775727161
11.66,2.0554287942523155,1.5693500452003977,1.6074352585451344
11.68,2.0201918898517697,1.5325161354734995,1.570189771168606
11.7,1.9779649003506279,1.4944711260103076,1.5313740683608568
11.72,1.9287478257488901,1.4560381653947696,1.4920869481768506
11.74,1.8795307511471524,1.4179798504441217,1.4532498829237714
11.76,1.837418353205037,1.3805118433882106,1.4150995327212212
11.78,1.8022960403635173,1.3429361305670304,1.376796095438607
11.8,1.760183642421402,1.3045025469667793,1.337423147858175
11.82,1.7181285402587996,1.2657221442939157,1.2975774495502854
11.84,1.6760161423166842,1.2270594104250374,1.257846966595141
11.86,1.6339610401540818,1.1888661180682882,1.2186913784793747
11.88,1.5988387273125622,1.1513754421766313,1.1803972765915822
11.9,1.5707637953511517,1.1139158762380326,1.1421088756870479
11.92,1.53541229939158,1.076320649495011,1.1035868906396844
11.94,1.4932999014494646,1.038670146933806,1.0649317786698587
11.96,1.4511875035073492,1.0012896663219641,1.026584610373531
11.98,1.4160651906658297,0.9637119146351014,0.9879521432336549
12.0,1.38094287782431,0.9263640172619728,0.9495906709896735
12.02,1.3458205649827906,0.8891831337623536,0.9115226730504983
12.04,1.3037081670406752,0.8509634019004535,0.8719585703440474
12.06,1.2615384733190464,0.8126070461280803,0.8321278817856587
12.08,1.212435990276335,0.7743878585047388,0.792473466761728
12.1,1.1773136774348156,0.737128872116191,0.7539671530861712
12.12,1.149124153914379,0.7002349225616599,0.7158622232490532
12.14,1.1068971644132373,0.6629514124313841,0.6773899505184131
12.16,1.0646128791325826,0.6256043224421625,0.6389564788804996
12.18,1.0294905662910632,0.5879634467104513,0.6002362344325746
12.2,0.9943682534495436,0.5501444775316772,0.5613985233832487
12.22,0.9523131512869413,0.5120402345472161,0.5222666131222624
12.24,0.9171908384454219,0.4739158514512858,0.483171770568755
12.26,0.8750784405033063,0.4354882732022674,0.4437880606246009
12.28,0.840070719220813,0.39646578503384994,0.4037746879993983
12.3,0.8049484063792935,0.3574477592488884,0.3638531525628648
12.32,0.7701125724353395,0.31881247794285344,0.32448118677723653
12.34,0.7351621469323593,0.28120800130132834,0.2863289408792869
12.36,0.700211721429379,0.24377284813779324,0.24833676302852667
12.38,0.6652040001468857,0.20626211051111187,0.21027099231765928
12.4,0.6303108704234186,0.1678757326383097,0.1711754724232836
12.42,0.5884276555993554,0.12952147004520817,0.13217059740435166
12.44,0.5535345258758883,0.09153593999068789,0.09360655559881273
12.46,0.5116513110518252,0.05274671158032803,0.05392778534321354
12.48,0.46976809622776194,0.013898319986599303,0.014178066097094547
12.5,0.42811406452175116,-0.025114600799639383,-0.025667999429878536
12.52,0.3932782305777971,-0.0647463896628086,-0.0661083656622158
12.54,0.35145231153324696,-0.10438557482272277,-0.10638561540396169
12.56,0.3096263924886969,-0.1437459932051237,-0.14620179586433465
12.58,0.2747905585447428,-0.18200903784565528,-0.18452967867754408
12.6,0.23995472460078876,-0.2202452002354854,-0.22276802724899702
12.62,0.19824339711526484,-0.2591054878911336,-0.26176847041962586
12.64,0.15641747807071474,-0.29825772427427377,-0.30110376725940147
12.66,0.11453426324665156,-0.3375524388496006,-0.3405798626598512
12.68,0.07265104842258839,-0.37684003829555024,-0.3800113958670819
12.7,0.030939720937064454,-0.41607799033032594,-0.41934206194034135
12.72,-0.003896113006889598,-0.45519871780756443,-0.4584624140401731
12.74,-0.045779327830952773,-0.49412959525757943,-0.49730257300698527
12.76,-0.09482451509415124,-0.5341480833837174,-0.5373940923140793
12.78,-0.13659313835918824,-0.5745668230607417,-0.5778930385864268
12.8,-0.17148626808265538,-0.614802364693479,-0.6180998360228723
12.82,-0.21319759556817933,-0.6537677845910007,-0.6566759900078224
12.84,-0.2412152317500766,-0.6914780158443,-0.6938674854111914
12.86,-0.28309844657413974,-0.7300141708367928,-0.7323267760170614
12.88,-0.33197174649879896,-0.7692474061078277,-0.7717217176432709
12.9,-0.373740369763836,-0.8088044912968292,-0.8114965317929853
12.92,-0.4155662888083861,-0.8482506988173615,-0.8510843710845436
12.94,-0.4644395887330453,-0.8875665364270923,-0.8904719579949381
12.96,-0.5063800993366215,-0.9264120318678353,-0.9292625243742139
12.98,-0.5411013417215494,-0.9658150584891855,-0.968720332536584
13.0,-0.5828699649865865,-1.0061678097609568,-1.0093850634152424
13.02,-0.6317432649112457,-1.0467969992227464,-1.050350503390191
13.04,-0.6876066499365009,-1.0871317856423297,-1.090843691396495
13.06,-0.729432568981051,-1.1270088792808148,-1.1307349654811523
13.08,-0.778133981567171,-1.1663640443494068,-1.1699872722135785
13.1,-0.8129698155111251,-1.2059015834178481,-1.2094476134370296
13.12,-0.8617858196562712,-1.245615530439458,-1.2490832955614515
13.14,-0.9106018238014174,-1.2855180436028812,-1.2889139180756557
13.16,-0.959704306844129,-1.3254519083703473,-1.3287517848200914
13.18,-1.0085776067687882,-1.3652741155958188,-1.3684341968746072
13.2,-1.0573363151344213,-1.4049903636341117,-1.4079631210330512
13.22,-1.0992768257379975,-1.445335621368048,-1.4482524782531396
13.24,-1.1551402107632527,-1.4860918812588826,-1.4889935493507298
13.26,-1.197023425587316,-1.5268566026148696,-1.5297021977826848
13.28,-1.238849344631866,-1.5673879769326917,-1.5700929047730272
13.3,-1.287722644556525,-1.6073543797218846,-1.6097939525654847
13.32,-1.3296631551601015,-1.6465902949879778,-1.6486420772754709
13.34,-1.3715463699841648,-1.6861868627584555,-1.6879433246799982
13.36,-1.413429584808228,-1.725882415590425,-1.7273553661183978
13.38,-1.462302884732887,-1.7656386135185442,-1.766811927982799
13.4,-1.5111188888780334,-1.8049947638846455,-1.805808837825881
13.42,-1.5530593994816095,-1.8443922819165461,-1.844893934998304
13.44,-1.6018754036267555,-1.8842693174295597,-1.8846726761140133
13.46,-1.6507487035514148,-1.9243766697601412,-1.9248319835946266
13.48,-1.699622003476074,-1.9648857279165661,-1.9655171596660632
13.5,-1.7417916971977025,-2.0053239281109336,-2.006061380094527
13.52,-1.790664997122362,-2.0453447071159703,-2.0460920589716634
13.54,-1.8256154226253423,-2.083729476716289,-2.084248202000795
13.56,-1.860451256569296,-2.122121836990441,-2.122558784233821
13.58,-1.9023344713933594,-2.1606291415912353,-2.1610680662768944
13.6,-1.9582551521981277,-2.1999534344642995,-2.2005734762427593
13.62,-2.0071857479023,-2.239149144164317,-2.239801219008364
13.64,-2.0420788776257672,-2.2774629295597504,-2.2777993169930766
13.66,-2.077029303128747,-2.317040488805267,-2.317483073453639
13.68,-2.1259598988329196,-2.3569889738381655,-2.35770932733028
13.7,-2.17523426921417,-2.397302838784769,-2.398375534192354
13.72,-2.217174779817747,-2.4382024041736865,-2.439719754317808
13.74,-2.259115290421323,-2.479112377378222,-2.4810153164048505
13.76,-2.308045886125495,-2.5197261322118614,-2.5218978574164574
13.78,-2.3499863967290717,-2.559233925160901,-2.5613820513133465
13.8,-2.384936822232052,-2.5980096770198773,-2.599954667060367
13.82,-2.4268773328356277,-2.63732748640144,-2.6392084413294676
13.84,-2.4758079285398003,-2.6774632770404816,-2.679449453567338
13.86,-2.518149509599968,-2.717596616455139,-2.7196265989016637
13.88,-2.5600900202035444,-2.757771289317924,-2.759812370740391
13.9,-2.602030530807121,-2.7981021345564274,-2.800133727899261
13.92,-2.6439710414106967,-2.838081732034232,-2.839984319560093
13.94,-2.6859115520142733,-2.877846802812597,-2.879589406111792
13.96,-2.7278520626178495,-2.9187110796159406,-2.920582465670477
13.98,-2.7837727434226176,-2.959851361096513,-2.961890787485884
14.0,-2.833161705362895,-3.0008491807427893,-3.0029749792264364
14.02,-2.875102215966471,-3.0412030272599,-3.043262583931779
14.04,-2.917042726570047,-3.080763567173086,-3.082570262019718
14.06,-2.9589832371736238,-3.120916427149763,-3.1226826210746697
14.08,-3.007913832877796,-3.160880768834451,-3.1625414306745396
14.1,-3.049854343481372,-3.200502782221773,-3.2019445591308298
14.12,-3.0917948540849487,-3.2405692226945955,-3.241894017897973
14.14,-3.148288492684847,-3.2808307419796967,-3.282069988574426
14.16,-3.1901717075089104,-3.320943511942541,-3.3220245963109813
14.18,-3.232112218112487,-3.3609829248373435,-3.3618376405869714
14.2,-3.2810428138166596,-3.4018578652393674,-3.4026994208275694
14.22,-3.3299734095208313,-3.4430396596627912,-3.4439502209915167
14.24,-3.3794769630201347,-3.484110874615497,-3.485038130930953
14.26,-3.421360177844198,-3.524397582791809,-3.525178353805285
14.28,-3.463243392668261,-3.563558973287696,-3.5639928599234203
14.3,-3.505126607492324,-3.6028848040936436,-3.603060129264468
14.32,-3.5539999074169835,-3.6426723753743824,-3.642666239306416
14.34,-3.6035607566958,-3.682534440355393,-3.682326518990433
14.36,-3.645443971519863,-3.7225600016447817,-3.7222004189970668
14.38,-3.6873844821234387,-3.7626941522802966,-3.7622623768040966
14.4,-3.7363150778276117,-3.802446045649589,-3.801871490676068
14.42,-3.7858759271064275,-3.8423248921480635,-3.8416470267834546
14.44,-3.834749227031087,-3.882844989311104,-3.882243850818523
14.46,-3.8836225269557456,-3.9235204649134254,-3.923030519935731
14.48,-3.9255057417798094,-3.9638629601250757,-3.963376318615021
14.5,-3.9673889566038723,-4.003506307970763,-4.002924556254702
14.52,-4.010017016561605,-4.042956226573645,-4.042281611217539
14.54,-4.051900231385669,-4.08217553422101,-4.081344067071377
14.56,-4.093783446209732,-4.121652871691203,-4.120728633652599
14.58,-4.128676575933199,-4.161047768217851,-4.1600069296252045
14.6,-4.171247340111419,-4.199872071463042,-4.198581956972333
14.62,-4.213130554935483,-4.23915148621991,-4.237733492023849
14.64,-4.255013769759546,-4.278897425994565,-4.277565145556561
14.66,-4.29689698458361,-4.318935130083081,-4.317797362913797
14.68,-4.3317901143070765,-4.359473124753834,-4.358573769626747
14.7,-4.367428089164213,-4.400030835195691,-4.399332339714393
14.72,-4.409311303988276,-4.440431758117374,-4.439853042318804
14.74,-4.444204433711743,-4.480290944363464,-4.479662266214575
14.76,-4.47909756343521,-4.519346044505634,-4.518401484427438
14.78,-4.500067818736999,-4.557367267154179,-4.555800717883709
14.8,-4.535763089373649,-4.596956049891459,-4.595191241882397
14.82,-4.584521797739282,-4.636873086317287,-4.635014257000716
14.84,-4.619414927462749,-4.676299548307617,-4.674301069699098
14.86,-4.647432563644647,-4.714711168313775,-4.712409297699639
14.88,-4.682325693368114,-4.753789024388742,-4.75139642618789
14.9,-4.72501104910536,-4.7938245296544695,-4.791586814791989
14.92,-4.759904178828827,-4.8345999605310634,-4.832652565621489
14.94,-4.801730097873378,-4.875502446959669,-4.873815433705383
14.96,-4.836623227596845,-4.915900028410068,-4.91432479142447
14.98,-4.865385708912412,-4.955138376877181,-4.953218518927163
15.0,-4.886298668434686,-4.994430924920893,-4.992091357899369
15.02,-4.921191798158153,-4.984524141994895,-4.96105634612425
15.04,-4.858682102709381,-4.81771907755404,-4.734549785715664
15.06,-4.585553121770518,-4.593140450336136,-4.441166474635924
15.08,-4.2704263344485645,-4.355330172256963,-4.139579705531179
15.1,-4.0117931857265114,-4.1150437373234245,-3.843158018396662
15.12,-3.8158416197917697,-3.8745514554785196,-3.5542013995376083
15.14,-3.6689352411202263,-3.6347335810233634,-3.2733254751762484
15.16,-3.5364673988859803,-3.3963384806517567,-3.0009723145106144
15.18,-3.3892745413168717,-3.1601016575790766,-2.7375015061878307
15.2,-3.221168724225488,-2.926633058623749,-2.483188112926673
15.22,-3.0535785691497224,-2.6964913436195204,-2.2381796784942662
15.24,-2.8993956264800183,-2.47012114724926,-2.002395735276798
15.26,-2.752718430926527,-2.2478129398302116,-1.7758127015285825
15.28,-2.5985927840363354,-2.030134610888036,-1.5585666857137486
15.3,-2.458962969362954,-1.8174714484028411,-1.3506819700370456
15.32,-2.3187601968944413,-1.6099940385449143,-1.1518893660344232
15.34,-2.179073086441547,-1.407935835517087,-0.9620467181140258
15.36,-2.0533661461898443,-1.2116295015741751,-0.7808559566395135
15.38,-1.934248220582146,-1.0210930995361842,-0.6081085880932002
15.4,-1.8224068589726095,-0.8366026674149892,-0.44387415979785816
15.42,-1.717670174022695,-0.6583608372929629,-0.28812393673166303
15.44,-1.6200954615119156,-0.4867939934460755,-0.14105050449665424
15.46,-1.5225207490011365,-0.32164423328576675,-0.0020085170753296687
15.48,-1.4315350511343619,-0.1626541051821589,0.12960803687065126
15.5,-1.3337884512850435,-0.00966686076452864,0.25427463162842545
15.52,-1.2362137387742642,0.1370807301988653,0.3719776966133683
15.54,-1.1525046049056509,0.277565556439651,0.48284268137293374
15.56,-1.0687954710370378,0.4115507314604636,0.587000779483031
15.58,-0.9921337180485336,0.5395886018572179,0.6852722864398492
15.6,-0.9083672884004071,0.6619273387811171,0.7780095294544943
15.62,-0.8316482396323899,0.7787463707813247,0.8655471810676274
15.64,-0.7549291908643727,0.8898606431282856,0.9477089895860873
15.66,-0.6852002271969514,0.9948311213932298,1.0246831206783467
15.68,-0.6154712635295303,1.0933206751747166,1.0958688913521915
15.7,-0.5526750891831921,1.1867636152497716,1.162829427166471
15.72,-0.48987891483685386,1.2746501092429667,1.2250733871754769
15.74,-0.4269681489314895,1.3577836005585346,1.2835770894827998
15.76,-0.37099017234720805,1.4368515605708967,1.3392297579017318
15.78,-0.3010893213412476,1.5118120248536973,1.3921047396723685
15.8,-0.2311884703352872,1.582497096636843,1.4420231379510993
15.82,-0.1682204086504097,1.649283448955894,1.4894065632771014
15.84,-0.1121278405071021,1.7123915812283381,1.5344788106133322
15.86,-0.056149863922820675,1.7718702255885221,1.5772175806013804
15.88,0.006875493541569879,1.8276088765172847,1.6175025655391342
15.9,0.06296806168487747,1.8793484978593036,1.6549371456191653
15.92,0.11207054472758901,1.9264949671802054,1.6889265221875636
15.94,0.16804852131187045,1.9715829622859997,1.7227061542064122
15.96,0.224083793675665,2.014404941987954,1.7557778664120376
15.98,0.2871664469195686,2.0549029771255314,1.7879086950093175
16.0,0.350077212824933,2.0925505894873337,1.8183952321173353
16.02,0.40622707674775366,2.128601052396978,1.8487380087175165
16.04,0.462147757552522,2.1630649626613687,1.8787479397999869
16.06,0.5180684383572903,2.195951533036719,1.9083410301117085
16.08,0.5811510916011939,2.2278943375197673,1.9383886236336774
16.1,0.6370717724059624,2.2583277274377145,1.9680802154807797
16.12,0.700097129870353,2.2873015740314355,1.9971917830716794
16.14,0.7491423171335514,2.313950454897636,2.0245959093489376
16.16,0.7980729128377237,2.339320879602953,2.051582327455382
16.18,0.8541654809810313,2.3647346379970933,2.0796130932537498
16.2,0.9171908384454219,2.389823305267609,2.108184395093638
16.22,0.9733407023682424,2.4141903714012445,2.1367522291341214
16.24,1.022328593851928,2.4379173976524933,2.165193973299329
16.26,1.0854685428753446,2.4626297706302456,2.195524529125876
16.28,1.1484939003397352,2.487075931823227,2.2262725922978914
16.3,1.2046437642625558,2.5117610481981725,2.2579493236239703
16.32,1.268127487963051,2.537225849413137,2.291071562265641
16.34,1.3241627603268455,2.5631123183058406,2.3250977040829284
16.36,1.3804272158086923,2.5888304861481637,2.3592902846076296
16.38,1.4297015861899431,2.613643633764537,2.3926417694170157
16.4,1.485851450112764,2.6387523881147765,2.4265618773953372
16.42,1.5421159055946108,2.66447343658845,2.4614049200847083
16.44,1.6052558546180276,2.691502951193074,2.4979109369307664
16.46,1.6683958036414441,2.7189907824887944,2.5347975422129516
16.48,1.724660259123291,2.7464226009721187,2.571404850620121
16.5,1.7810966019436771,2.775382343083857,2.609804105490622
16.52,1.8373037616460108,2.8055910205882943,2.649628759879482
16.54,1.8935109213483448,2.8369039162794025,2.6906778060365877
16.56,1.9497180810506782,2.8698127369061646,2.7334172471155536
16.58,2.012972621633121,2.903765666663526,2.7771529315761807
16.6,2.076112570656538,2.9382109661352223,2.8211970827867234
16.62,2.132434321917898,2.972889235276895,2.8650955701843706
16.64,2.1960899329569323,3.0072551832612326,2.9082013214709908
16.66,2.2521825011002403,3.042349047734056,2.9519234718500806
16.68,2.31537974590317,3.07954507852248,2.9980463165587596
16.7,2.3854524842476694,3.1174207348968377,3.0446688670420854
16.72,2.434669558849407,3.1553480651758243,3.090874710756381
16.74,2.4912777890083326,3.1946547952675304,3.138343942337058
16.76,2.5543031464727233,3.2358268577007516,3.1876540069898964
16.78,2.624490476376249,3.2779707776097062,3.2376326414920764
16.8,2.6736502551984733,3.321778631205541,3.2890579337177726
16.82,2.736847500001403,3.366499514387838,3.3409988788164133
16.84,2.800674998378977,3.411416598760638,3.392651586417881
16.86,2.8638149474023935,3.4552010562357536,3.4424214978352614
16.88,2.9129747262246184,3.4985564390503696,3.4911874960365346
16.9,2.96207720926733,3.5432508273942402,3.5410699925542795
16.92,3.0256755245268514,3.5898665592836885,3.592771137240026
16.94,3.095690967091838,3.6371167547007244,3.6447099069804323
16.96,3.1516689436761194,3.6846905457498034,3.696528250301153
16.98,3.214751596920023,3.7337433688035566,3.7498497811747358
17.0,3.2781780248410053,3.7836043105748733,3.803781632709853
17.02,3.341260678084909,3.834057046367662,3.857945236934051
17.04,3.404056852431247,3.8855129912049695,3.9128480288851124
17.06,3.4599202374565023,3.937363990844739,3.9677143958073207
17.08,3.5234612569365105,3.9886810311664442,4.021428614495699
17.1,3.572277261081657,4.0389445433007705,4.073475440145548
17.12,3.6142177716852326,4.089339007969154,4.125467588121344
17.14,3.6700811567104883,4.139239792916482,4.176576599575534
17.16,3.7195847102097916,4.189991836475264,4.2284419245580835
17.18,3.7755626867940726,4.241211379538957,4.280680516895424
17.2,3.8244359867187323,4.292124413353937,4.3322743779487265
17.22,3.873366582422904,4.342667188578085,4.38309039141898
17.24,3.9232139105992863,4.393380907004511,4.433855951700118
17.26,3.979077295624541,4.443914599123267,4.484182892993734
17.28,4.028179778667253,4.494752299351321,4.534702517877936
17.3,4.077110374371425,4.544951676662435,4.584256485959195
17.32,4.119910321667698,4.594263763721551,4.632485125173263
17.34,4.161908128050786,4.641977928233076,4.678517787766671
17.36,4.203848638654364,4.688830345474067,4.7234272048328325
17.38,4.245731853478427,4.734833888249403,4.767328122413703
17.4,4.28148441989459,4.7803755141060345,4.810703930102949
17.42,4.323310338939139,4.825093174976186,4.853110832612846
17.44,4.35826076444212,4.868492308691791,4.894073170335358
17.46,4.400143979266184,4.9107402673489995,4.933835311621375
17.48,4.428218911227593,4.951510574380133,4.972019060694018
17.5,4.456866800984135,4.991662244627663,5.009709358411411
17.52,4.491702634928089,5.030817140735362,5.0463380729930325
17.54,4.5266530604310695,5.06841066474035,5.081240561587177
17.56,4.554384217715401,5.104278941907055,5.11425025358026
17.58,4.575297177237675,5.1378219786292965,5.144598270645703
17.6,4.596210136759951,5.169797045784388,5.173321423521766
17.62,4.6170085047231995,5.2001995719116785,5.200428158853797
17.64,4.638666309379145,5.22867459610345,5.225480902731825
17.66,4.659350085783368,5.255365142854862,5.248691940946571
17.68,4.680320341085156,5.280207639376271,5.269998288011128
17.7,4.701004117489378,5.302831208006063,5.2889360734407695
17.72,4.714869696131545,5.323157392765935,5.305507215684168
17.74,4.7288498663327365,5.341596968092822,5.320239009243323
17.76,4.742772740754416,5.357801412546715,5.3326987769109655
17.78,4.756638319396581,5.371603418865121,5.342699440597572
17.8,4.763571108717665,5.382912525545922,5.350178650880271
17.82,4.7706757853772865,5.391690804724618,5.355103899399604
17.84,4.7846559555784784,5.397931812208977,5.357470105505764
17.86,4.791531449120048,5.40153795980197,5.357205688772671
17.88,4.798464238441132,5.402394777900816,5.354220576347783
17.9,4.805339731982701,5.400449398780051,5.348444344401429
17.92,4.819205310624867,5.395664513819179,5.339848596940434
17.94,4.8271121281976725,5.388005032362698,5.328391943244093
17.96,4.8271121281976725,5.377215741909424,5.313801980430531
17.98,4.826997536638647,5.363242037164039,5.2960552541183485
18.0,4.834044917518756,5.345970952258094,5.275051286743601
18.02,4.847967791940434,5.325558259859762,5.251004521909516
18.04,4.855015172820544,5.302629063815748,5.224718310346764
18.06,4.862119849480166,5.27734895663412,5.196374020103249
18.08,4.868938047242223,5.2481631760416825,5.1640289065547185
18.1,4.862177145259679,5.214879256517396,5.127488907646566
18.12,4.855187060159083,5.1779822767170565,5.087400291095975
18.14,4.848139679278973,5.137671417792413,5.044066892564098
18.16,4.8410922983988645,5.093771091793521,4.9972313998162
18.18,4.819205310624867,5.04664509301268,4.947362552880172
18.2,4.812272521303784,4.9954915243718645,4.8935097143677435
18.22,4.791531449120048,4.939811793059775,4.835086422651199
18.24,4.770618489597774,4.8802350135829125,4.772852857787059
18.26,4.742772740754416,4.817170876773461,4.707330408852349
18.28,4.707994202589975,4.751767407038029,4.639894552882697
18.3,4.680148453746617,4.684342261212908,4.570652527707056
18.32,4.658376057531645,4.611908862887188,4.496071711341498
18.34,4.609617349166012,4.534706927564894,4.416725751528335
18.36,4.553983147258809,4.454016522372029,4.334171946562518
18.38,4.50510984733415,4.370472717612216,4.249059911136906
18.4,4.462424491596903,4.282572904324477,4.159548357014228
18.42,4.399742908809592,4.190345746884341,4.065773255612923
18.44,4.329956649362657,4.093659725550099,3.967668084347392
18.46,4.266587517221189,3.991538021847281,3.863950032467232
18.48,4.189868468453171,3.8858926292430147,3.7570320142187708
18.5,4.105357193671375,3.776910718462477,3.6471313638352365
18.52,4.028752736462383,3.665835494835164,3.535743538949577
18.54,3.95191909613534,3.5521826966586083,3.422231395344158
18.56,3.8675797086920833,3.435281230069325,3.3056320879763015
18.58,3.7770523770614126,3.31361851835415,3.184077398816228
18.6,3.6856656087380464,3.1873559166280527,3.0578255526331883
18.62,3.588033600447754,3.0586497173879366,2.9295758542878683
18.64,3.4896567470237922,2.928569606145994,2.8011547289234575
18.66,3.3919101471744737,2.7925681401827274,2.666647899311826
18.68,3.258697459806557,2.650533185597858,2.5255750641490913
18.7,3.1260577302337715,2.5040249819164395,2.3798260024337914
18.72,2.999548649068886,2.354449786522556,2.231255030286683
18.74,2.873669821478644,2.2036144392541974,2.0819942518888728
18.76,2.7612555020739764,2.054706144317447,1.935432840575286
18.78,2.6561750424469834,1.9038358646472413,1.7869472162753686
18.8,2.5304108064157678,1.7500134291830054,1.6357575732757572
18.82,2.382931469949094,1.5904542739321177,1.4782289080557025
18.84,2.221758442178793,1.4260652599564456,1.3155048968834506
18.86,2.067174429052497,1.258325490826202,1.1495229709962111
18.88,1.9198096841448495,1.0880951579491496,0.9814002051514457
18.9,1.786024038981802,0.9144177649980241,0.809906728802376
18.92,1.6387165898536675,0.7382138751277023,0.6361317931871939
18.94,1.4979408595900243,0.5576378190694512,0.4578396289265443
18.96,1.3505761146823765,0.3756099728641984,0.27869965529855706
18.98,1.1961639888946196,0.19174056788519528,0.09865060417100462
19.0,1.048741948207459,0.010241027036182909,-0.07748123675706775
19.02,0.9081954010618679,-0.16994441922066716,-0.2512461831187696
19.04,0.7819155030150344,-0.34938032446856054,-0.4229345745176997
19.06,0.6346653496664129,-0.5330988242265177,-0.5993109471907926
19.08,0.46673141991356865,-0.7202892130541226,-0.7798324648853391
19.1,0.2916928135011021,-0.9084326384236445,-0.9613835735293003
19.12,0.14467184327053287,-1.0951684224116953,-1.1411185970994198
19.14,0.004870141258611998,-1.2825553619465258,-1.321659246444966
19.16,-0.1627200138171538,-1.4728334812832211,-1.5057329252530274
19.18,-0.33036746467243266,-1.6648507883650632,-1.6918938945974629
19.2,-0.4769873644464104,-1.8564065349405219,-1.8772313046407199
19.22,-0.6305400535414709,-2.0459162854902027,-2.060523567321075
19.24,-0.7770453617564225,-2.229788893314093,-2.236200886993356
19.26,-0.9094559082111559,-2.4130386493972136,-2.4107526332587326
19.28,-1.0629513015267031,-2.595783624234695,-2.5849198899343495
19.3,-1.2163893990627377,-2.7772782059184182,-2.7578493652965896
19.32,-1.362608228380124,-2.9580670594044847,-2.9303329019357336
19.34,-1.5231510025757804,-3.1370191484059546,-3.100959252951276
19.36,-1.6832354105353327,-3.312452239066876,-3.267798389666143
19.38,-1.8154740696515264,-3.485286157081277,-3.431796900331874
19.4,-1.9548174054273428,-3.658827570927356,-3.597051295148421
19.42,-2.1147872218278683,-3.8303340685685674,-3.760273164718506
19.44,-2.2681680235843897,-3.998110515397118,-3.919533321499414
19.46,-2.4071102889036147,-4.16089243564674,-4.073389351164485
19.48,-2.5254833693776426,-4.317179678731821,-4.221001401799564
19.5,-2.6577220284938363,-4.470269084736627,-4.366053732749316
19.52,-2.789559617153439,-4.618445782508593,-4.505980975931687
19.54,-2.914980078507576,-4.761265613842719,-4.640309604145894
19.56,-3.0259047076449037,-4.900012356345006,-4.770965412036312
19.58,-3.137574181915901,-5.035292747582064,-4.898643540259473
19.6,-3.255259713035772,-5.1646807013705756,-5.019916511386004
19.62,-3.3529490171055776,-5.28844001335218,-5.135096276112034
19.64,-3.450065363380252,-5.409071629005532,-5.24773078701501
19.66,-3.5475827801115183,-5.523482280323681,-5.353992477732242
19.68,-3.6444699432681404,-5.631467899833388,-5.453638402514606
19.7,-3.7283509644752932,-5.73163519973802,-5.545071926921117
19.72,-3.7973923787885573,-5.824026393879167,-5.628395101004266
19.74,-3.8595582995602515,-5.908875785104004,-5.704176115590036
19.76,-3.929401854786699,-5.987439628383881,-5.773959059262161
19.78,-3.991682367117419,-6.058562639875937,-5.836297196142118
19.8,-4.040211892365,-6.121538261104276,-5.890332742353711
19.82,-4.08908519228966,-6.17703504464131,-5.936924856449134
19.84,-4.137557421757727,-6.224630247452794,-5.975549306322885
19.86,-4.172106776804116,-6.263926513324283,-6.005832596202213
19.88,-4.199837934088448,-6.294635398799304,-6.027532752121747
19.9,-4.221323851405853,-6.316478043583941,-6.040510165433327
19.92,-4.242179515148615,-6.329472707430391,-6.044864249365168
19.94,-4.255758614893216,-6.334129257377349,-6.041151042523482
19.96,-4.255644023334189,-6.329705015046915,-6.028504462723131
19.98,-4.255529431775163,-6.315838674967887,-6.00648718182562
20.0,-4.248653938233593,-6.292445018961619,-5.9750848536612065
20.02,-4.242007627810076,-6.2599602375645915,-5.935097232873758
20.04,-4.22814204916791,-6.218397246880246,-5.886641510153145
20.06,-4.1996660467499085,-6.165510999904283,-5.8268140507015085
20.08,-4.164887508585467,-6.102749015031296,-5.757456848979751
20.1,-4.130166266200539,-6.029753414884699,-5.678194287551442
20.12,-4.088684121833067,-5.945588542539495,-5.58805176557253
20.14,-4.039868117687922,-5.851377689378561,-5.488324606538562
20.16,-3.976842760223531,-5.748245070509224,-5.380111253798576
20.18,-3.91456224789281,-5.638483440155403,-5.265992604743065
20.2,-3.858584271308529,-5.520277033990658,-5.143530149914112
20.22,-3.7893709696567255,-5.3936482768726295,-5.0145002239880485
20.24,-3.6987290464670295,-5.254070401245294,-4.872691412976512
20.26,-3.587976304668241,-5.10408021659757,-4.720837915549263
20.28,-3.4694886326351866,-4.944132798959309,-4.559328067734814
20.3,-3.3588504823954253,-4.776210846507415,-4.390625540834543
20.32,-3.240420106141884,-4.598920837626387,-4.2129752104585
20.34,-3.101248657704607,-4.410416613215988,-4.024062252296544
20.36,-2.9487272926407817,-4.211088378582614,-3.8244703730780936
20.38,-2.809785027321557,-4.002948802380252,-3.6166124166975555
20.4,-2.656748000242114,-3.787446085260957,-3.4029416351657455
20.42,-2.504283930957802,-3.568049494979431,-3.187004557754941
20.44,-2.3443141145572763,-3.341939674356275,-2.9652679648925164
20.46,-2.198725538814534,-3.109981893177843,-2.7405928796262966
20.48,-2.045631215955578,-2.866860176641307,-2.5047288546798407
20.5,-1.8579875380502335,-2.615585116727153,-2.2609558056330576
20.52,-1.6489725343865091,-2.3592415313709085,-2.01319054816355
20.54,-1.4681470542432216,-2.101606040925995,-1.765553914028596
20.56,-1.3011871527420995,-1.8359129697943757,-1.509460355639872
20.58,-1.0921148532988623,-1.5610686330270418,-1.2436230572030538
20.6,-0.8621295943333497,-1.279032476302715,-0.9704180114033202
20.62,-0.6459526182304901,-0.9928668416768318,-0.6935897976585067
20.64,-0.4368230230077396,-0.7057847121159642,-0.4170029824668128
20.66,-0.2486063873072642,-0.4220781160401409,-0.14746796174238525
20.68,-0.06732254092787174,-0.13561028735576042,0.12286292816677928
20.7,0.12794147565271283,0.15318248189583722,0.39299355300189315
20.72,0.35122312841519465,0.45139665883967767,0.6726793978814727
20.74,0.6237218557794142,0.7522125508684904,0.954745058516535
20.76,0.8610982703021143,1.0509321919761325,1.2338434204217243
20.78,1.0494294975616159,1.3461578243130434,1.5088529307662386
20.8,1.245094584598792,1.6415191989143596,1.784167764301086
20.82,1.4690637867154308,1.9415755052851111,2.0648662954676253
20.84,1.7275250480989452,2.2411653893622914,2.345240007677
20.86,1.9513796586565577,2.5375380698778005,2.6221236223107516
20.88,2.168129592554548,2.8285728903209404,2.8933417997389403
20.9,2.3706701731332944,3.110399821705833,3.1537466334170774
20.92,2.5455941879867345,3.387742679863211,3.4095397322926293
20.94,2.7340973025847752,3.661191104569637,3.66157171452153
20.96,2.9160114025388117,3.9298823005495644,3.9079169584715134
20.98,3.1048582918139314,4.195005718193264,4.150380764642224
21.0,3.2936478853095372,4.45276341687793,4.38478038333143
21.02,3.467655167690768,4.7015192833085155,4.609181669001292
21.04,3.614332363244259,4.940203417281244,4.822945440643362
21.06,3.7469720928170447,5.173606577344572,5.032501783107764
21.08,3.900753965030158,5.398044690306637,5.2332896901241135
21.1,4.05453583724327,5.611328853195908,5.4224593740698195
21.12,4.179383340802277,5.811939348910704,5.598195532585055
21.14,4.284291913090731,5.999293211952233,5.76018531542829
21.16,4.375449498296045,6.174165429263953,5.910201903814406
21.18,4.472852323468285,6.338326561392512,6.050766143599054
21.2,4.578219261992843,6.4896678876565534,6.178596473125245
21.22,4.655740451674043,6.626842036302716,6.292263578787737
21.24,4.711374653581246,6.750977914030072,6.393429001212935
21.26,4.767180742826988,6.8613606320897995,6.481222961500665
21.28,4.809694211225696,6.957092882904215,6.5545474435508515
21.3,4.830492579188944,7.037562267567969,6.612888190572947
21.32,4.844415453610623,7.102244161416184,6.655901769252419
21.34,4.851119059813653,7.151010311630242,6.6834263310036555
21.36,4.851061764034141,7.184392195337354,6.6961639821659675
21.38,4.837138889612462,7.201840872461732,6.693520832863099
21.4,4.809293140769104,7.2031861555441505,6.675255251618125
21.42,4.773425982793914,7.187365764685601,6.640218709362731
21.44,4.724667274428282,7.154679985040244,6.589075494892631
21.46,4.668918480962053,7.105494160920547,6.521785623638822
21.48,4.598559263719987,7.037442666217485,6.435540513279927
21.5,4.493994466108612,6.952257211145082,6.332845055447652
21.52,4.388341048686488,6.8501253286884145,6.214381101287625
21.54,4.283661659516087,6.7275527243657125,6.07640330519019
21.56,4.15732446568974,6.587529655981602,5.921929036452648
21.58,4.016663326985123,6.431156226342763,5.751921837675461
21.6,3.8773199912093066,6.26477248753017,5.574599957055638
21.62,3.757972882483556,6.0856033666360805,5.386149421829729
21.64,3.6035607566958,5.886283323470457,5.177459841440093
21.66,3.3932279501032743,5.667743468697733,4.95003487473985
21.68,3.1547629157698256,5.4354498214414075,4.71124983156897
21.7,2.931366671448318,5.193058871239988,4.464184288292829
21.72,2.7209765690762793,4.935147264860854,4.20253287819216
21.74,2.489788098740992,4.659294880393226,3.923842205008842
21.76,2.2374574857653777,4.366945997908048,3.6298705166878884
21.78,1.9718915477222414,4.058142173196483,3.3200935995585037
21.8,1.7132011032206746,3.7378740962597,3.0006469266351727
21.82,1.4615007438197039,3.4075068479645387,2.6748943180502582
21.84,1.2518554865813356,3.075946273036507,2.3518303160787313
21.86,1.034990961124319,2.7345558893798394,2.020193588232442
21.88,0.7689666568450779,2.3826509921457575,1.67908462126931
21.9,0.4894778443802623,2.0184234787975788,1.3269962978354646
21.92,0.21657804655945118,1.646856866497374,0.9697016403458599
21.94,-0.056035272363794505,1.2700289376757654,0.6098175373348406
21.96,-0.3077929275442782,0.8908851717246682,0.2493147416208717
21.98,-0.5802916549084978,0.5038640929773038,-0.11855954092764777
22.0,-0.8741617080310969,0.11405375300337314,-0.48750941287585986
22.02,-1.1461447733796988,-0.27805255222078784,-0.8575584275072017
22.04,-1.41904457120051,-0.6681925648413359,-1.2230711194546364
22.06,-1.677276649465972,-1.0602305841365591,-1.589085023850211
22.08,-1.9569946450488398,-1.4540587056948944,-1.9557192459189099
22.1,-2.222216808414898,-1.8471153422044604,-2.320221226459593
22.12,-2.4524312504984627,-2.2347897891745534,-2.6768675364158394
22.14,-2.6749680581272743,-2.6137480068208245,-3.021905290309855
22.16,-2.884097653350025,-2.9849609839855833,-3.3570968933639245
22.18,-3.0793616699306097,-3.348740114994355,-3.683234244960927
22.2,-3.2740527287160632,-3.7046282325553346,-4.000072220621837
22.22,-3.4692594495171347,-4.051465667742336,-4.306531992706817
22.24,-3.6575906767766364,-4.388110045342836,-4.6016157463395535
22.26,-3.8243213951597057,-4.712188174084853,-4.8835647768736585
22.28,-3.9778167884752533,-5.022194249266368,-5.15215798090345
22.3,-4.110456518048039,-5.317283704025562,-5.402442111898289
22.32,-4.221381147185367,-5.600165926929897,-5.638823184831635
22.34,-4.340098002336473,-5.868031371294411,-5.859372656652624
22.36,-4.444720095727361,-6.119005150742522,-6.063346548401366
22.38,-4.5346744695629,-6.35158882970141,-6.248582660826637
22.4,-4.6037158838761645,-6.564259441258027,-6.41382976498088
22.42,-4.6528183669188765,-6.756355287881056,-6.558159741836814
22.44,-4.694185919727322,-6.9281161313423825,-6.681947674409605
22.46,-4.721745189673114,-7.079083976612781,-6.784811729889228
22.48,-4.728448795876145,-7.208033611349596,-6.865509669371337
22.5,-4.721286823437009,-7.314777860369579,-6.9241198203936785
22.52,-4.7003165681352215,-7.397858149739171,-6.9603894931261046
22.54,-4.658547944870184,-7.457119456237529,-6.9739922786825375
22.56,-4.616722025825634,-7.4939871520874775,-6.967330701936778
22.58,-4.567046584987792,-7.505535701996616,-6.9370741387544745
22.6,-4.476347366018583,-7.488672683895498,-6.878672936639589
22.62,-4.356885665733806,-7.444849842285081,-6.793173874114774
22.64,-4.230720359245999,-7.3766472539930135,-6.68424344853208
22.66,-4.105185306332835,-7.2870798182529875,-6.555215708266941
22.68,-3.9859527891661113,-7.179516279635759,-6.409854341579776
22.7,-3.8527401017981946,-7.0456866821653925,-6.239088484382691
22.72,-3.6712270723007494,-6.88731385576964,-6.045978168936271
22.74,-3.447257870184111,-6.701566785868795,-5.826214338265124
22.76,-3.21618399140785,-6.494180511905831,-5.587087033861104
22.78,-2.999032987053268,-6.260753296693718,-5.32357677942401
22.8,-2.746988852975219,-6.007532761316598,-5.044175229107421
22.82,-2.5300097359591764,-5.737056987679814,-4.753613459481474
22.84,-2.2851275743202626,-5.439630136911604,-4.437638092134132
22.86,-1.9845539149946325,-5.119078902842896,-4.100298400159363
22.88,-1.6835218894328978,-4.7741933953164235,-3.741145233139272
22.9,-1.3895945405307857,-4.411914340719015,-3.3685422825303073
22.92,-1.1030010514063477,-4.036021689352009,-2.985604798177792
22.94,-0.8581761855469471,-3.6603674635315144,-2.6087753792035007
22.96,-0.6692720004923146,-3.2749194345839663,-2.2251070762834524
22.98,-0.4105815559907479,-2.867869431417606,-1.8206637599490658
23.0,-0.06772361138446331,-2.4449056800503226,-1.4033986123935562
23.02,0.23995472460078876,-2.015652054031687,-0.9864512983477048
23.04,0.5196154244041437,-1.5748217303342706,-0.5612157849537026
23.06,0.8411593390315616,-1.1286875271206558,-0.1367664399000219
23.08,1.0999070793126413,-0.6854216461197028,0.27840453818332145
23.1,1.3373980853943677,-0.23255638758528374,0.7016850192403856
23.12,1.6518373233621635,0.23021293870503529,1.1341037008814678
23.14,1.9943514932913695,0.6965318811194662,1.5676771102725144
23.16,2.3019152377175955,1.159898769211192,1.9958833613781728
23.18,2.581518641741437,1.6163352422759891,2.4178882942957447
23.2,2.8262289160418117,2.060362908993693,2.8243209740819597
23.22,3.043036145719315,2.4934812058201627,3.216437664891474
23.24,3.259270417601688,2.9185471995008165,3.595680192689254
23.26,3.4900578174803836,3.339818970919248,3.9684956365618604
23.28,3.7207306258000528,3.7489570482593346,4.326309391188949
23.3,3.9096348108546857,4.1441416398629,4.6677740129656655
23.32,4.07069324706596,4.523248992993152,4.990515818210697
23.34,4.224761598176638,4.884571488908447,5.293237150313036
23.36,4.350926904664446,5.227019950036208,5.574893668681017
23.38,4.4553198149372815,5.549571869924461,5.834697427922546
23.4,4.546649287481134,5.849029632279114,6.070219731234524
23.42,4.61626365958953,6.123980189663024,6.280174858028861
23.44,4.658032282854567,6.3741433334165825,6.463871876823221
23.46,4.685820735918411,6.598756610921541,6.6206105577959065
23.48,4.686680172611108,6.7956532706417985,6.749420511624233
23.5,4.671897861496733,6.963208343494087,6.848406170100719
23.52,4.637119323332292,7.101976436502665,6.918157360021644
23.54,4.5954079958467675,7.2116990493616004,6.958740819784151
23.56,4.518001397724593,7.290171049801071,6.967306686231573
23.58,4.406618402351162,7.3389154335138365,6.946908270401133
23.6,4.301251463826603,7.356222742945088,6.896174696887918
23.62,4.168783621592357,7.339915148114315,6.811909938785307
23.64,4.007667889601569,7.2914673079605015,6.69671004022903
23.66,3.8117163236668277,7.211195849023269,6.551092589361703
23.68,3.60877467263149,7.103575882302014,6.380979817963701
23.7,3.4057757258166395,6.970455918612589,6.1887544364471685
23.72,3.2028340747813018,6.809239300391503,5.9702340037005275
23.74,2.964884702463471,6.617630768269957,5.722762614755106
23.76,2.719945245045044,6.399493428011772,5.451363216631228
23.78,2.4541501238838554,6.148191636998158,5.146907446980412
23.8,2.13266350503595,5.866875981643191,4.815464778037842
23.82,1.8037857306308578,5.55830323062497,4.461125786710022
23.84,1.5168484668293414,5.227394831229576,4.092939309266647
23.86,1.2231503010452813,4.864804799471512,3.696396944848144
23.88,0.8524466075956388,4.473771196505435,3.2739573997301803
23.9,0.48884759080561835,4.061815885633057,2.835322570372506
23.92,0.14610423775835993,3.6364280997430543,2.3884004178392013
23.94,-0.16163139400640525,3.207907072441778,1.9499791641999116
23.96,-0.4693097299916573,2.7624135231106166,1.5008430763347589
23.98,-0.8258613659015686,2.2997856646543027,1.038845040879427
24.0,-1.1684328316102879,1.8185911510410895,0.562163891494659
24.02,-1.546298497499066,1.3323557689432288,0.08674161892877442
24.04,-1.8892137378848635,0.8462872895370791,-0.3817699338250196
24.06,-2.218148808069469,0.3494354899762523,-0.8568101125332754
24.08,-2.5609494568962408,-0.14934815157615913,-1.327670025233771
24.1,-2.847886720697757,-0.6419741805401927,-1.7903229240361447
24.12,-3.141814069599869,-1.1383525846153084,-2.255874261705441
24.14,-3.4495497013646346,-1.6310418686785864,-2.71422267240251
24.16,-3.7013646523246315,-2.11396071085261,-3.157035304789449
24.18,-3.8904980204973163,-2.5844662813329933,-3.580137731028667
24.2,-4.051728344047129,-3.038484230733141,-3.9786086611842615
24.22,-4.212844076037917,-3.478735215462893,-4.3592906076526186
24.24,-4.352244707593246,-3.9009403922696135,-4.718138991286289
24.26,-4.471534520539484,-4.305718352995618,-5.0564852566246685
24.28,-4.597814418586317,-4.689102041052659,-5.371039981591797
24.3,-4.702207328859154,-5.048067559733628,-5.657678292731166
24.32,-4.75864367167954,-5.381246300111269,-5.914811506192727
24.34,-4.786374828963871,-5.686666008476359,-6.1410255721066545
24.36,-4.793193026725928,-5.96170091940244,-6.332789305130587
24.38,-4.786088350066305,-6.2046578394784895,-6.489134907977376
24.4,-4.744205135242242,-6.415081620728264,-6.61025083151347
24.42,-4.680549524203208,-6.592286092891114,-6.696265649880492
24.44,-4.610935152094814,-6.738241382201838,-6.750811442614176
24.46,-4.51960567955096,-6.85253410179251,-6.7735638245171526
24.48,-4.422088262819694,-6.935590176368048,-6.763347629840334
24.5,-4.275009996809612,-6.981834599246266,-6.7113155110061715
24.52,-4.058145471352595,-6.991115826460794,-6.618603489932759
24.54,-3.813263309713681,-6.964207755476905,-6.487896815781344
24.56,-3.5544009778735752,-6.901169838407184,-6.320894404531723
24.58,-3.2949083924588254,-6.802724820009636,-6.1196383128153276
24.6,-3.0150758053169313,-6.666442609894177,-5.878482986954674
24.62,-2.700178201113031,-6.493146123747663,-5.5998092511682005
24.64,-2.3712431309284248,-6.2855550153113855,-5.290999609006481
24.66,-2.0424799480823586,-6.045121389015115,-4.954989541497634
24.68,-1.6997365950351002,-5.7774066847309635,-4.600523882974308
24.7,-1.3777343141715777,-5.477360187370638,-4.22055038061921
24.72,-1.0555601459695156,-5.144654957375807,-3.8133552744658026
24.74,-0.719692286463827,-4.782786674328284,-3.384012934063117
24.76,-0.3277318588148309,-4.3904657258372,-2.931381050008492
24.78,0.08531341569497958,-3.9740056910328603,-2.463377238057751
24.8,0.4420942347229432,-3.5399650464129215,-1.9872057819052784
24.82,0.7569345431473306,-3.0855649785633283,-1.4987426676669056
24.84,1.1348002090361085,-2.6058133352353803,-0.9916183855451909
24.86,1.547329821530301,-2.106258276864142,-0.4724305865231073
24.88,1.9111580214383739,-1.5961572079249902,0.048954771413184196
24.9,2.2402649789615188,-1.0799755437838705,0.565866239200143
24.92,2.541125117184714,-0.567614067687755,1.0702903048640438
24.94,2.8140822107850383,-0.05512391880508754,1.5686079656612626
24.96,3.093857502147419,0.4561955078311427,2.057679295898585
24.98,3.3528344255465514,0.9662265631146164,2.537571469732792
25.0,3.6188014340462793,1.4720164615954183,3.0054471788395043
25.02,3.8847111467664948,2.0110759083782432,3.513948792762939
25.04,4.213818104289639,2.703325648839253,4.2059040541819925
25.06,4.704098089583084,3.438229430118982,4.937302278662933
25.08,5.187387989775934,4.157059050078894,5.6376526513138
25.1,5.551158893904494,4.847594169619907,6.295649998083281
25.12,5.803432211100596,5.507840321347975,6.91088979383992
25.14,5.98494524059804,6.137404830448663,7.4838813206538575
25.16,6.1815843558869386,6.736309396065714,8.015390712604201
25.18,6.397761331989798,7.304482530441427,8.506469174239681
25.2,6.6082087301413495,7.842033194960688,8.958626382191268
25.22,6.8116660431923055,8.349246684885964,9.373484964759433
25.24,7.006930059772889,8.826412319094334,9.75272249726626
25.26,7.196579089961192,9.273885012432162,10.097776854683737
25.28,7.365487047965758,9.692100481287984,10.410350544363993
25.3,7.526144413720441,10.08150182099699,10.692423373366376
25.32,7.688176878183438,10.441782766906144,10.945178003535597
25.34,7.841901454617037,10.773794787182338,11.169557309443904
25.36,7.9693272682541325,11.079001982596779,11.36734226802197
25.38,8.102253476724485,11.358313164078178,11.540209830989683
25.4,8.228189600094238,11.61253115363205,11.689674705442275
25.42,8.347250229922425,11.842654741605664,11.817272019942989
25.44,8.453934971375784,12.049204686931773,11.92407823069354
25.46,8.55219723324072,12.232981279509863,12.011521646175508
25.48,8.643469410005059,12.395054988764041,12.08106183695687
25.5,8.734626995210373,12.535735751246712,12.133292547018767
25.52,8.810372015726669,12.656065872554667,12.169540907369267
25.54,8.88084582452776,12.756851125833121,12.190840342057571
25.56,8.95126233754934,12.839040972905828,12.198413673582998
25.58,9.01486065280886,12.903275469932057,12.193073785966584
25.6,9.069807305361905,12.95049612138745,12.175975083603014
25.62,9.112721844217203,12.981907612856878,12.148442511993848
25.64,9.153974805466623,12.998301197441878,12.111196818018314
25.66,9.19688934432192,13.00082301450638,12.065610394323343
25.68,9.224391318488202,12.990097531374872,12.012168066161408
25.7,9.251835996874968,12.966761902202068,11.951450299191658
25.72,9.280999548647126,12.931614062700532,11.884156548676497
25.74,9.301626029271835,12.884991091484897,11.81033257720559
25.76,9.322252509896545,12.827936170525943,11.731010626651734
25.78,9.3360607927592,12.76126612432842,11.646892805418522
25.8,9.349869075621852,12.68567828210138,11.558492127507858
25.82,9.349869075621852,12.601658788695927,11.466127095535086
25.84,9.358406146769301,12.51010967403162,11.370550668463498
25.86,9.365338936090383,12.411737744931218,11.272305869999434
25.88,9.372214429631955,12.307553366516157,11.172167063009745
25.9,9.379089923173524,12.19860247850309,11.070966195337554
25.92,9.386022712494606,12.084764899876294,10.968330633270616
25.94,9.392840910256664,11.96672654744697,10.864773552031455
25.96,9.392898206036177,11.845368299531074,10.761241532065798
25.98,9.399773699577747,11.719991050012403,10.656497226123923
26.0,9.399716403798234,11.591182566168865,10.550858824387209
26.02,9.39295550181569,11.459872952201223,10.445208966554953
26.04,9.39295550181569,11.326308453247512,10.339504607695215
26.06,9.386080008274119,11.19063378843263,10.233585859993237
26.08,9.386022712494606,11.053504121047968,10.127967596277157
26.1,9.379147218953037,10.915690216658502,10.023262884171062
26.12,9.372214429631955,10.778596859036913,9.920772157250076
26.14,9.372214429631955,10.642660487745717,9.82087258423064
26.16,9.358463442548814,10.506257093559807,9.72092815124586
26.18,9.342936286300768,10.369912785127879,9.62235613143179
26.2,9.329242594997142,10.232978887175186,9.5235131479206
26.22,9.301740620830863,10.09773849216872,9.426826656220447
26.24,9.294922423068806,9.96421411187608,9.331848638509317
26.26,9.265701575517134,9.830919643765526,9.23693594349684
26.28,9.245075094892425,9.698991113243661,9.143503749487225
26.3,9.224334022708689,9.568155696439643,9.051040314937955
26.32,9.203650246304466,9.437917488903965,8.958756347231636
26.34,9.167553905211225,9.308878873805703,8.867008605194137
26.36,9.139994635265431,9.181857370525107,8.776718583196605
26.38,9.119310858861208,9.05696595016261,8.687991912491178
26.4,9.08997541975051,8.935016048706052,8.601759477801096
26.42,9.062416149804719,8.815631889511279,8.51745505759556
26.44,9.027981386317355,8.698407017027469,8.434496033513113
26.46,8.99870324298617,8.583148540452987,8.352527362920869
26.48,8.957392985957238,8.469871746987986,8.271377060313235
26.5,8.921296644863997,8.359024362644131,8.191643438279437
26.52,8.88680458559712,8.250698004478672,8.113555769654962
26.54,8.852197934771219,8.144036682257974,8.035943548447637
26.56,8.809168804356894,8.039230962691038,7.9589537638345735
26.58,8.760811166447853,7.936163217746412,7.882430048935875
26.6,8.710906542491959,7.835128191035634,7.80665302875087
26.62,8.662491608803403,7.736996002886358,7.732607211710823
26.64,8.619462478389078,7.64283411678536,7.661603675974275
26.66,8.577980334021607,7.551286713974402,7.591946255609383
26.68,8.528075710065712,7.460552724978501,7.521376385901059
26.7,8.471238296788735,7.371688178753459,7.451347581756472
26.72,8.42282336310018,7.285584170757823,7.383190690503261
26.74,8.372918739144284,7.200723112986659,7.314993133268505
26.76,8.303762733271995,7.117355067356973,7.247069142932502
26.78,8.247039911554044,7.035507178911904,7.179427255151893
26.8,8.198624977865489,6.9558334000967985,7.1130509073688835
26.82,8.14866305813008,6.876945580288671,7.046192764671737
26.84,8.078017361990451,6.79873912779918,6.978677027377845
26.86,8.015794145439243,6.722308393193393,6.9118141639963415
26.88,7.959014027941779,6.647987110383946,6.845992964239071
26.9,7.896676219831545,6.576595626741515,6.78254023236452
26.92,7.839896102334081,6.507119142355204,6.720248321939516
26.94,7.776183195515533,6.439352042791135,6.6588068755285
26.96,7.706969893863729,6.371072300667338,6.595403401042103
26.98,7.636381493503612,6.303794520630897,6.5319777127521155
27.0,7.558860303822411,6.237613880521826,6.468773947283846
27.02,7.489647002170608,6.1729740995648825,6.406445077437508
27.04,7.419001306030977,6.109067072589689,6.3440151315096855
27.06,7.348355609891348,6.045314322811701,6.280826239706062
27.08,7.272094927359435,5.981620706557808,6.216884639079661
27.1,7.194573737678233,5.918372127719094,6.152716623685727
27.12,7.117052547997034,5.856445983167274,6.0895090823812925
27.14,7.0477246547862045,5.796344087286454,6.027767937932233
27.16,6.977136254426086,5.737123768657464,5.966380304673907
27.18,6.8996723605243995,5.678561436138547,5.9051436876509165
27.2,6.823411677992487,5.620065469546451,5.843386762521302
27.22,6.75282327763237,5.5621579272084585,5.781838770595216
27.24,6.676505299320944,5.50479385833815,5.720497842831731
27.26,6.605916898960826,5.447447499731231,5.6587422089301125
27.28,6.521462919958544,5.390633065422088,5.5973106817273806
27.3,6.445144941647118,5.334534922250297,5.5363791822128485
27.32,6.36768104774543,5.276684734520739,5.47276897961514
27.34,6.283227068743146,5.218656036482522,5.408625317566438
27.36,6.193043511789555,5.160929574057388,5.344705096981313
27.38,6.115522322108355,5.103673047048809,5.2812513212589405
27.4,6.039147048017416,5.047526134058396,5.219079140770074
27.42,5.968501351877785,4.992173138381932,5.157821589346885
27.44,5.890980162196586,4.936943015190948,5.096739724279585
27.46,5.814547592326133,4.880788585888277,5.034642920153599
27.48,5.730036317544337,4.82516057284391,4.973309424929473
27.5,5.660593832774481,4.7704127675819015,4.913065521749957
27.52,5.597052813294472,4.715036485549044,4.851996032788034
27.54,5.520620243424021,4.658864728503387,4.79009387622693
27.56,5.443156349522334,4.602357179872901,4.727977810311224
27.58,5.38064665407356,4.544618276330495,4.66444842111973
27.6,5.318194254404301,4.487007652324403,4.601177738050116
27.62,5.254767826483319,4.429742876612295,4.538465834086612
27.64,5.192315426814059,4.3742445297938275,4.478028882714595
27.66,5.122872942044204,4.318568271805334,4.417370996898797
27.68,5.0455809354810555,4.262748369838211,4.356561989793977
27.7,4.976081154931687,4.206327901991306,4.295080375376241
27.72,4.891684471708916,4.14948743601986,4.233114483351689
27.74,4.8221273953800345,4.0928961915106425,4.17153777945361
27.76,4.759503108372236,4.0362740426812564,4.110063044862717
27.78,4.710114146431959,3.9801601566286906,4.049435257439131
27.8,4.661527325404864,3.924409808189527,3.989626068505483
27.82,4.599246813074144,3.8661609390040357,3.9273609274553305
27.84,4.528887595832079,3.8075576649213123,3.865064975487992
27.86,4.466549787721846,3.749269880764939,3.803245029697299
27.88,4.4177910793562125,3.6929570322959897,3.743975894360984
27.9,4.369146962549606,3.63863846617787,3.687248901814092
27.92,4.320502845742999,3.5827014197434557,3.6286762141514246
27.94,4.250258220059959,3.525589031668088,3.5687713063237236
27.96,4.1878058203907,3.4677607930548118,3.5080738381567267
27.98,4.1322862100425235,3.41017655050235,3.4478053556357
28.0,4.0838139805744555,3.3529717001490624,3.3881520883202243
28.02,4.027492229313095,3.2955709837435934,3.328331164403508
28.04,3.9789054082860025,3.238178256743061,3.2685660783991852
28.06,3.9303758830384217,3.180825613947013,3.2089627358606845
28.08,3.867751596030622,3.1226307982372266,3.1485425220600116
28.1,3.811429844769262,3.064489412895346,3.0884065475432214
28.12,3.769775813063252,3.0068380218845725,3.0289638831600576
28.14,3.7351118664578364,2.9509598007023716,2.9715021587513193
28.16,3.679534960330147,2.8950946625437517,2.91395240085488
28.18,3.6240726457614834,2.839032620036713,2.8561530454807302
28.2,3.574683683821206,2.7826625708003276,2.7980494675874104
28.22,3.5260968627941125,2.7265398103459773,2.74036538612673
28.24,3.4775673375465317,2.671367619899074,2.6839172544066847
28.26,3.429037812298951,2.6174073455017886,2.6291267771480054
28.28,3.3872691890339137,2.5630570677906226,2.5739334575523993
28.3,3.331004733552067,2.507637975668104,2.5173981306749362
28.32,3.268380446544268,2.4514290583152665,2.459937046247482
28.34,3.212631653078039,2.3958939920456106,2.403419919391013
28.36,3.1639875362714323,2.3408918453250434,2.3476017173233696
28.38,3.114598574331155,2.2871670125414507,2.293367518502995
28.4,3.065839865965522,2.234696485186037,2.2407587368999726
28.42,3.017023861820376,2.183254940198853,2.189421911187356
28.44,2.975312534334852,2.130743605095475,2.136834268935117
28.46,2.911943402193383,2.0784388885497913,2.0845276163376196
28.48,2.8491472278470447,2.02628717758434,2.032359202111125
28.5,2.8002166321428725,1.974737813925754,1.980891938666867
28.52,2.7513433322182133,1.923679281431967,1.9299612676054057
28.54,2.695537242972471,1.8725089106800747,1.8788160079343579
28.56,2.632168110831002,1.8210733349234367,1.827283979402791
28.58,2.5832375151268296,1.7702005976482222,1.7764008756207406
28.6,2.5343642152021704,1.7199094149830088,1.7261586968676954
28.62,2.471396153517293,1.6709748395417603,1.677618348854455
28.64,2.415074402255933,1.623374412849163,1.630773490574627
28.66,2.380181272532466,1.5770068629254754,1.5853288308994409
28.68,2.3311933810487804,1.5302059371320806,1.5393171569068278
28.7,2.268225319363903,1.483326867238852,1.493140487437677
28.72,2.205314553458539,1.436853528272464,1.4472894796206122
28.74,2.1564412535338793,1.3911679600346945,1.4022568143738785
28.76,2.1076252493887333,1.3454457174257897,1.3569431182224934
28.78,2.0514180896863996,1.3000478295558269,1.3118262899573263
28.8,1.9954401131021178,1.2549317023646704,1.2668780669780064
28.82,1.9534423067190287,1.2103069275051237,1.2223947472507397
28.84,1.9045690067943695,1.1666370420035974,1.1789893867287367
28.86,1.8626857919703061,1.1252887253722228,1.138345051171599
28.88,1.8276780706878129,1.0858035205451724,1.099788443395791
28.9,1.78579485586375,1.0454734688768526,1.0600317250449998
28.92,1.7367496686005512,1.005522174861362,1.0205836417762677
28.94,1.694809157996975,0.9665823464401804,0.9822034356820452
28.96,1.6526967600548597,0.9275427523935245,0.9436310127276372
28.98,1.6108708410103096,0.8891316288808895,0.9057172284533778
29.0,1.5758631197278163,0.8518742885899004,0.8690129157880268
29.02,1.53392260912424,0.8147715672566981,0.8322041187007465
29.04,1.4920966900796897,0.7779570521313733,0.7955067963786305
29.06,1.45027077103514,0.7412126323049382,0.758776556206799
29.08,1.4152057539731333,0.7051878744786398,0.722829444810111
29.1,1.380255328470153,0.6703423928711754,0.688221797085663
29.12,1.345362198746686,0.6371623971569079,0.6554877621981632
29.14,1.3104117732437057,0.604840459836163,0.6236053835148166
29.16,1.2823368412822955,0.5729078856270944,0.5919957010210195
29.18,1.240281739119693,0.5413012243128851,0.5605941178696268
29.2,1.2052740178371997,0.5102558943221048,0.5296859397319154
29.22,1.1700944092161671,0.4801795435065693,0.4998446789991852
29.24,1.1348575048156218,0.45088787100106975,0.47083323680001793
29.26,1.1064960939566457,0.42260090814729706,0.44286838129578626
29.28,1.0713164853356132,0.39512477213471775,0.41570625876831035
29.3,1.0291467916139847,0.3677002184410433,0.38842483869532135
29.32,0.9937952956544128,0.3405663454631843,0.36133524091458236
29.34,0.9516256019327842,0.3142150290134486,0.3350361855202962
29.36,0.9164459933117517,0.2888213115715188,0.30973749441616627
29.38,0.8743335953696362,0.26460037404432707,0.2857745917596017
29.4,0.8459721845106605,0.24127976063917647,0.26276810335860473
29.42,0.8107352801101149,0.21894425744693363,0.24076888956583867
29.44,0.7755556714890823,0.19743573833706946,0.21956243296962707
29.46,0.7404333586475629,0.17668305510321633,0.1990506665400816
29.48,0.7121865393476132,0.15687537725239017,0.17946840950117376
29.5,0.6838251284886375,0.13733904551975837,0.1599441051834823
29.52,0.6415408432079828,0.11856051340361105,0.141118365760636
29.54,0.6062466430279241,0.10039387219077237,0.12283859861502919
29.56,0.5781144152870007,0.08284016019209804,0.10511382830199394
29.58,0.5430493982249943,0.06610542459003477,0.08821447087325154
29.6,0.5078124938244486,0.05025305798835825,0.07222111111619185
29.62,0.47933649140644674,0.03551129144280919,0.05740854413611586
29.64,0.4512042636655233,0.021844840567888466,0.0437095570045269
29.66,0.4230147401450868,0.008993293876551041,0.030803256373166714
29.68,0.39488251240416333,-0.0032013938685200288,0.018479759324179276
29.7,0.3668648762222661,-0.014575131957490462,0.006960254903066454
29.72,0.34578002936145186,-0.025215354284898437,-0.0038560104049337935
29.74,0.3316279718217205,-0.0351332226418894,-0.01397104620625104
29.76,0.3033811525217709,-0.04420159235759607,-0.023232695135994685
29.78,0.2892863907615526,-0.05247718649023376,-0.031714901258604315
29.8,0.2680869523417122,-0.05998462001229735,-0.03944861334923503
29.82,0.254049486361007,-0.06678431633023345,-0.04649069551045299
29.84,0.24001202038030184,-0.07276394158589666,-0.05271459567175073
29.86,0.22597455439959666,-0.07785670460308895,-0.05804150403668712
29.88,0.2188698777399745,-0.08202750774366149,-0.062431199411979194
29.9,0.20471782020024312,-0.08535475378236047,-0.06597849422639517
