time_ms,roll,pitch,yaw,roll_rate,pitch_rate,yaw_rate,reference_roll,reference_pitch,reference_yaw,reference_throttle,throttle_1,throttle_2,throttle_3,throttle_4,roll_predicted,pitch_predicted,yaw_predicted,roll_rate_predicted,pitch_rate_predicted,yaw_rate_predicted
27608,-0.003235,-0.023117,-0.026416,-0.002129,-0.001064,3e-06,-0.0,-0.0,-0.0,3.0,0.3261,0.322252,0.3261,0.329888,0.0,-163.480515,0.0,0.0,-5.840023,0.0
27628,-0.003359,-0.022997,-0.026417,-0.002104,0.001061,-0.001068,1.3e-05,-0.0,-0.0,3.0,0.3261,0.322224,0.3261,0.329915,0.0,-163.715158,0.0,8e-06,-5.930692,0.0
27648,-0.003361,-0.022875,-0.026417,-0.002104,0.002125,-0.001072,0.000948,-0.0,-0.0,3.0,0.3261,0.321925,0.3261,0.330205,3e-06,-163.954935,-0.0,0.00059,-6.120667,0.0
27668,-0.003727,-0.022879,-0.026421,-0.00104,0.002124,-0.001072,0.001863,-0.0,-0.0,3.0,0.3261,0.321344,0.3261,0.330764,4.6e-05,-164.20371,-5e-06,0.001872,-6.401637,4e-06
27688,-0.00397,-0.022883,-0.026546,2.4e-05,0.00106,-0.001069,0.002372,-0.0,-0.0,3.0,0.3261,0.320962,0.3261,0.331131,0.000172,-164.464934,-4.4e-05,0.003186,-6.759793,1.3e-05
27708,-0.003968,-0.023005,-0.026546,2.4e-05,-0.001068,-0.00106,0.00332,-0.0,-0.0,3.0,0.3261,0.320525,0.3261,0.331549,0.000537,-164.741409,-0.000278,0.004477,-7.174428,2.8e-05
27728,-0.003844,-0.023003,-0.026667,0.001064,-0.002128,8e-06,0.004166,-0.0,-0.0,3.0,0.3261,0.320187,0.3261,0.331871,-0.006111,-165.034988,0.006557,0.004676,-7.616809,4.8e-05
27748,-0.003843,-0.023126,-0.026667,-0.0,-0.003193,1.2e-05,0.004624,-0.0,-0.0,3.0,0.3261,0.319971,0.3261,0.332077,-0.000257,-165.346252,0.000946,0.00934,-8.050171,8.2e-05
27768,-0.003597,-0.023244,-0.026665,-0.001064,-0.003193,1.1e-05,0.006123,-0.0,-0.0,3.0,0.3261,0.319399,0.3261,0.33262,0.000194,-165.674215,0.000881,0.010827,-8.431884,0.000129
27788,-0.003477,-0.023121,-0.026663,-0.001064,-0.002128,7e-06,0.006687,-0.0,-0.0,3.0,0.3261,0.319217,0.3261,0.332792,0.000562,-166.01615,0.00102,0.012256,-8.71851,0.000186
27808,-0.003482,-0.022755,-0.026662,0.0,0.0,0.0,0.007659,-0.0,-0.0,3.0,0.3261,0.318751,0.3261,0.333231,0.000981,-166.36767,0.001278,0.013446,-8.873408,0.000251
27828,-0.003485,-0.022632,-0.02654,2.4e-05,0.001061,-0.001068,0.008574,-0.0,-0.0,3.0,0.3261,0.318337,0.3261,0.333621,0.001537,-166.723123,0.001686,0.014593,-8.874965,0.000324
27848,-0.003729,-0.022514,-0.026665,-0.001016,0.00212,-0.002137,0.009493,-0.0,-0.0,3.0,0.3261,0.317726,0.3261,0.334192,0.002375,-167.076293,0.002363,0.015503,-8.722329,0.000401
27868,-0.003485,-0.02251,-0.026662,-0.00104,0.002125,-0.001072,0.009957,-0.0,-0.0,3.0,0.3261,0.317578,0.3261,0.33433,0.00385,-167.421257,0.003656,0.015641,-8.436025,0.00048
27888,-0.003239,-0.022507,-0.026781,-0.00104,0.001061,-0.001068,0.010907,-0.0,-0.0,3.0,0.3261,0.31712,0.3261,0.334757,0.007393,-167.753183,0.007008,0.014457,-8.053019,0.000555
27908,-0.003358,-0.022753,-0.026783,-0.001064,-0.001064,4e-06,0.011793,-0.0,-0.0,3.0,0.3261,0.316729,0.3261,0.335119,0.035527,-168.068849,0.034952,0.007282,-7.618418,0.000615
27928,-0.003236,-0.022873,-0.02666,-0.001064,-0.002128,7e-06,0.01309,-0.0,-0.0,3.0,0.3261,0.315945,0.3261,0.335844,-0.007051,-168.359051,-0.006404,-0.082739,-7.176799,-0.000667
27948,-0.003236,-0.022995,-0.026538,-0.0,-0.002128,7e-06,0.013676,-0.0,-0.0,3.0,0.3261,0.315483,0.3261,0.336268,-0.004849,-168.639809,-0.00173,-0.017109,-6.766198,-0.000891
27968,-0.003239,-0.022873,-0.026416,0.001064,-0.002128,7e-06,0.014755,-0.0,-0.0,3.0,0.3261,0.314699,0.3261,0.336984,-0.003572,-168.904984,0.000127,0.010827,-6.416723,-0.00091
27988,-0.00336,-0.022996,-0.026295,0.001089,-0.002132,-0.001057,0.01566,-0.0,-0.0,3.0,0.3261,0.314186,0.3261,0.337451,-0.002343,-169.157361,0.001078,0.023337,-6.149441,-0.000851
28008,-0.003362,-0.022996,-0.026173,0.001089,-0.001068,-0.001061,0.016568,-0.0,-0.0,3.0,0.3261,0.31356,0.3261,0.338018,-0.001122,-169.400449,0.001544,0.029452,-5.977664,-0.000758
28028,-0.003243,-0.022994,-0.025928,0.001064,-0.001064,3e-06,0.017028,-0.0,-0.0,3.0,0.3261,0.313213,0.3261,0.33833,0.000136,-169.638192,0.001674,0.032692,-5.908554,-0.00065
28048,-0.003123,-0.022992,-0.025682,-0.0,-0.001064,3e-06,0.018268,-0.0,-0.0,3.0,0.3261,0.312739,0.3261,0.338756,0.001495,-169.874744,0.001498,0.034946,-5.944437,-0.000534
28068,-0.00276,-0.022866,-0.025556,2.4e-05,-3e-06,-0.001064,0.019014,-0.0,-0.0,3.0,0.3261,0.312421,0.3261,0.339042,0.003098,-170.114291,0.000951,0.036702,-6.083465,-0.000408
28088,-0.002276,-0.022737,-0.025306,2.4e-05,-0.001067,-0.001062,0.019836,-0.0,-0.0,3.0,0.3261,0.311883,0.3261,0.339522,0.005201,-170.36088,-0.000195,0.037638,-6.319523,-0.000274
28108,-0.001916,-0.02261,-0.024936,2.4e-05,-0.001066,-0.001062,0.020394,-0.0,-0.0,3.0,0.3261,0.311656,0.3261,0.339724,0.008474,-170.618239,-0.002606,0.037191,-6.641425,-0.000132
28128,-0.001673,-0.022729,-0.024689,4.8e-05,-4e-06,-0.002129,0.021534,-0.0,-0.0,3.0,0.3261,0.311121,0.3261,0.340199,0.015534,-170.889555,-0.00893,0.034049,-7.031618,1.3e-05
28148,-0.001189,-0.022601,-0.024439,4.8e-05,0.001062,-0.00213,0.022421,-0.0,-0.0,3.0,0.3261,0.31062,0.3261,0.340641,0.056877,-171.177144,-0.04972,0.019424,-7.464833,0.000141
28168,-0.000334,-0.022834,-0.024185,2.4e-05,0.001064,-0.001065,0.02331,-0.0,-0.0,3.0,0.3261,0.310299,0.3261,0.340924,-0.033892,-171.479747,0.040134,0.062923,-7.90751,0.000161
28188,0.000395,-0.022826,-0.023933,4.9e-05,0.001065,-0.002129,0.024193,-0.0,-0.0,3.0,0.3261,0.309914,0.3261,0.341262,-0.010444,-171.8023,0.018534,0.087837,-8.319056,0.000531
28208,0.001125,-0.022817,-0.02368,0.001088,0.001065,-0.001063,0.024764,-0.0,-0.0,3.0,0.3261,0.309679,0.3261,0.341468,-0.003777,-172.140396,0.014414,0.083658,-8.654992,0.000962
28228,0.002221,-0.022926,-0.023302,0.002153,2e-06,-0.001065,0.025413,-0.0,-0.0,3.0,0.3261,0.309463,0.3261,0.341658,-5e-06,-172.490301,0.013429,0.077141,-8.873987,0.001379
28248,0.003438,-0.023035,-0.022921,0.004306,7e-06,-0.002129,0.026478,-0.0,-0.0,3.0,0.3261,0.309146,0.3261,0.341935,0.002966,-172.846832,0.013773,0.071774,-8.946289,0.001772
28268,0.004777,-0.02302,-0.022539,0.005346,-0.001059,-0.00107,0.027272,-0.0,-0.0,3.0,0.3261,0.309017,0.3261,0.342047,0.006071,-173.20389,0.015195,0.067334,-8.861128,0.00214
28288,0.006606,-0.023123,-0.022273,0.005346,-0.002121,-0.001079,0.028338,-0.0,-0.0,3.0,0.3261,0.308966,0.3261,0.342091,0.010326,-173.555275,0.018235,0.062861,-8.629918,0.002479
28308,0.00868,-0.023345,-0.021882,0.004282,-0.002119,-0.001083,0.028873,-0.0,-0.0,3.0,0.3261,0.309385,0.3261,0.341726,0.018361,-173.895547,0.025305,0.056245,-8.283618,0.002783
28328,0.010996,-0.023443,-0.021487,0.004282,-0.002117,-0.001088,0.029902,-0.0,-0.0,3.0,0.3261,0.309655,0.3261,0.34149,0.047067,-174.220663,0.053251,0.040777,-7.865401,0.00303
28348,0.013557,-0.023662,-0.021088,0.004283,-0.002114,-0.001093,0.030762,-0.0,-0.0,3.0,0.3261,0.310038,0.3261,0.341154,-0.127366,-174.516464,-0.119678,0.112226,-7.421749,0.000742
28368,0.015994,-0.023638,-0.020692,0.005347,-0.001047,-0.001081,0.031212,-0.0,-0.0,3.0,0.3261,0.310629,0.3261,0.340634,-0.024924,-174.805928,-0.021301,0.174752,-6.99363,0.001415
28388,0.018552,-0.023493,-0.020296,0.00641,2e-05,-0.001064,0.031831,-0.0,-0.0,3.0,0.3261,0.310938,0.3261,0.340361,-0.009562,-175.079749,-0.011185,0.149604,-6.615352,0.002081
28408,0.0216,-0.023463,-0.020014,0.007475,2.3e-05,-0.001064,0.032736,-0.0,-0.0,3.0,0.3261,0.311528,0.3261,0.339838,-0.002123,-175.339544,-0.00867,0.131146,-6.3122,0.002623
28428,0.024893,-0.023435,-0.019611,0.007475,2.6e-05,-0.001064,0.03361,-0.0,-0.0,3.0,0.3261,0.312245,0.3261,0.339199,0.003054,-175.588556,-0.008497,0.120907,-6.100892,0.003088
28448,0.028429,-0.023402,-0.019323,0.007475,-0.001034,-0.001094,0.034738,-0.0,-0.0,3.0,0.3261,0.312905,0.3261,0.338608,0.007559,-175.830616,-0.009548,0.115774,-5.991153,0.00351
28468,0.03197,-0.023616,-0.019035,0.006387,-0.002127,-6.8e-05,0.035325,-0.0,-0.0,3.0,0.3261,0.314107,0.3261,0.337522,0.012143,-176.069862,-0.011619,0.112812,-5.987215,0.003913
28488,0.035628,-0.023707,-0.01862,0.006411,-0.001026,-0.001102,0.036296,-0.0,-0.0,3.0,0.3261,0.315109,0.3261,0.33661,0.017398,-176.310527,-0.014937,0.110163,-6.08878,0.004309
28508,0.039777,-0.023672,-0.018327,0.006412,-0.001021,-0.001106,0.037129,-0.0,-0.0,3.0,0.3261,0.316189,0.3261,0.335618,0.024213,-176.556766,-0.020252,0.10632,-6.291214,0.004703
28528,0.043678,-0.023517,-0.018035,0.007475,4.6e-05,-0.001064,0.037964,-0.0,-0.0,3.0,0.3261,0.317124,0.3261,0.334753,0.034603,-176.812463,-0.029572,0.098939,-6.584995,0.005094
28548,0.047461,-0.023487,-0.017746,0.008561,0.002227,-0.002026,0.038798,-0.0,-0.0,3.0,0.3261,0.318217,0.3261,0.333733,0.05528,-177.080979,-0.04971,0.083116,-6.954548,0.005465
28568,0.051368,-0.023453,-0.017577,0.008536,0.00218,-0.000954,0.039637,-0.0,-0.0,3.0,0.3261,0.319286,0.3261,0.332726,0.1315,-177.364576,-0.126203,0.039626,-7.376855,0.00576
28588,0.055641,-0.023539,-0.0174,0.008536,0.002184,-0.000944,0.040391,-0.0,-0.0,3.0,0.3261,0.320637,0.3261,0.331442,-1.910228,-177.518316,1.911529,0.320969,-7.820673,-0.017631
28608,0.06004,-0.023989,-0.017209,0.009602,0.001126,-0.000999,0.041084,-0.0,-0.0,3.0,0.3261,0.322091,0.3261,0.330043,9.371601,-177.376633,-9.360734,-1.080432,-8.265913,-0.126784
28628,0.06456,-0.024191,-0.017144,0.00958,-0.001062,-6.9e-05,0.041489,-0.0,-0.0,3.0,0.3261,0.32374,0.3261,0.328438,9.33857,-177.039734,-9.409662,-3.516474,-8.670335,-0.284851
28648,0.069081,-0.024514,-0.017073,0.008517,-0.002123,-0.000147,0.042581,-0.0,-0.0,3.0,0.3261,0.32506,0.3261,0.327136,9.210097,-176.689573,-9.465063,-5.659432,-8.941513,-0.455343
28668,0.073477,-0.02472,-0.016885,0.009582,-0.002123,-0.000156,0.043497,-0.0,-0.0,3.0,0.3261,0.326556,0.3261,0.325643,9.011571,-176.339236,-9.563785,-7.51997,-8.990321,-0.637069
28688,0.077757,-0.024925,-0.016822,0.009582,-0.002122,-0.000165,0.043895,-0.0,-0.0,3.0,0.3261,0.328042,0.3261,0.324143,8.728285,-176.014854,-9.719938,-9.100489,-8.750757,-0.827778
28708,0.082031,-0.024757,-0.016891,0.009582,-0.002121,-0.000174,0.044702,-0.0,-0.0,3.0,0.3261,0.329437,0.3261,0.322716,8.338073,-175.758642,-9.948658,-10.417967,-8.195907,-1.024216
28728,0.08631,-0.024718,-0.016837,0.00958,-0.00106,-9.2e-05,0.045265,-0.0,-0.0,3.0,0.3261,0.331155,0.3261,0.320937,7.835983,-175.62227,-10.242517,-11.519893,-7.34168,-1.222578
28748,0.090219,-0.024674,-0.016906,0.00745,0.0,0.0,0.046115,-0.0,-0.0,3.0,0.3261,0.332666,0.3261,0.31935,7.269676,-175.632701,-10.536438,-12.482399,-6.232317,-1.419108
28768,0.094134,-0.024754,-0.016973,0.006409,0.00116,-0.00096,0.047247,-0.0,-0.0,3.0,0.3261,0.334324,0.3261,0.317585,6.702448,-175.752923,-10.746342,-13.388144,-4.913643,-1.61047
28788,0.097922,-0.024832,-0.017037,0.005345,0.001163,-0.000955,0.047923,-0.0,-0.0,3.0,0.3261,0.335793,0.3261,0.315999,6.140003,-175.907584,-10.850598,-14.261896,-3.40808,-1.791903
28808,0.101349,-0.024793,-0.017115,0.005318,0.001059,0.000108,0.048496,-0.0,-0.0,3.0,0.3261,0.337078,0.3261,0.314596,5.56067,-176.037718,-10.883014,-14.80299,-1.73168,-1.940024
28828,0.104163,-0.024874,-0.017315,0.005321,0.0,0.0,0.049397,-0.0,-0.0,3.0,0.3261,0.338171,0.3261,0.31339,4.967138,-176.128566,-10.896754,-14.94834,0.065023,-2.050693
28848,0.10649,-0.02521,-0.017386,0.00426,-0.001058,-0.000113,0.050152,-0.0,-0.0,3.0,0.3261,0.339131,0.3261,0.312321,4.379757,-176.213069,-10.930248,-14.672569,1.914773,-2.127746
28868,0.108209,-0.025295,-0.017722,0.003198,-0.002116,-0.00023,0.050543,-0.0,-0.0,3.0,0.3261,0.340068,0.3261,0.311268,3.816264,-176.341641,-10.974564,-13.968111,3.72565,-2.178279
28888,0.109553,-0.025389,-0.017939,0.002105,-0.001174,0.000942,0.051519,-0.0,-0.0,3.0,0.3261,0.340784,0.3261,0.310458,3.270325,-176.536059,-10.972001,-12.895307,5.396028,-2.211969
28908,0.110415,-0.025246,-0.01818,0.0,0.0,0.0,0.052258,-0.0,-0.0,3.0,0.3261,0.341388,0.3261,0.309771,2.677697,-176.76277,-10.82564,-11.571622,6.849512,-2.237912
28928,0.110418,-0.025232,-0.018424,-0.002131,0.001058,0.000117,0.052258,-0.0,-0.0,3.0,0.3261,0.3422,0.3261,0.30884,1.900223,-176.914134,-10.4003,-10.097319,8.060572,-2.259725
28948,0.110048,-0.024971,-0.018805,-0.003196,0.001058,0.000117,0.053557,-0.0,-0.0,3.0,0.3261,0.342301,0.3261,0.308724,1.03854,-176.820929,-9.818503,-8.517278,9.049511,-2.274949
28968,0.109076,-0.024969,-0.019064,-0.003196,0.001058,0.000116,0.053991,-0.0,-0.0,3.0,0.3261,0.342294,0.3261,0.308733,0.506295,-176.499904,-9.520385,-7.014619,9.876361,-2.290634
28988,0.107612,-0.025087,-0.019442,-0.002126,-0.001058,-0.000114,0.054882,-0.0,-0.0,3.0,0.3261,0.342155,0.3261,0.308893,0.210403,-176.08983,-9.44522,-5.790056,10.641581,-2.318515
29008,0.106033,-0.025208,-0.019825,-0.003214,-0.002229,0.000833,0.055388,-0.0,-0.0,3.0,0.3261,0.342192,0.3261,0.30885,-0.009741,-175.644958,-9.483551,-4.839072,11.439129,-2.359901
29028,0.104202,-0.025087,-0.020222,-0.004278,-0.002228,0.000837,0.056129,-0.0,-0.0,3.0,0.3261,0.342004,0.3261,0.309065,-0.266994,-175.187193,-9.644765,-4.053819,12.313119,-2.410767
29048,0.102371,-0.025217,-0.020484,-0.005318,-0.001059,-0.000109,0.056862,-0.0,-0.0,3.0,0.3261,0.3419,0.3261,0.309186,-0.834253,-174.772251,-10.160667,-3.262738,13.237868,-2.463638
29068,0.100296,-0.025101,-0.020883,-0.00745,0.0,0.0,0.057374,-0.0,-0.0,3.0,0.3261,0.341588,0.3261,0.309542,-2.358539,-174.764502,-11.657791,-2.058051,14.104161,-2.495315
29088,0.097734,-0.025113,-0.021284,-0.008511,-0.001059,-0.000104,0.058214,-0.0,-0.0,3.0,0.3261,0.34107,0.3261,0.310133,-2.789487,-175.300675,-12.091104,-0.436102,14.694849,-2.505408
29108,0.094684,-0.025138,-0.021571,-0.008511,-0.001059,-0.000101,0.058655,-0.0,-0.0,3.0,0.3261,0.340391,0.3261,0.310904,-2.830184,-175.893294,-12.196395,0.84916,14.856431,-2.540343
29128,0.091512,-0.02516,-0.021981,-0.008514,0.0,0.0,0.059534,-0.0,-0.0,3.0,0.3261,0.339294,0.3261,0.312138,-2.761855,-176.486011,-12.293855,1.752052,14.578233,-2.600898
29148,0.087727,-0.024952,-0.022289,-0.00849,0.001153,-0.000967,0.060067,-0.0,-0.0,3.0,0.3261,0.338213,0.3261,0.313343,-2.51605,-177.048757,-12.522631,2.318073,13.941658,-2.682081
29168,0.083817,-0.024861,-0.02271,-0.008487,8.9e-05,-0.001061,0.060785,-0.0,-0.0,3.0,0.3261,0.337075,0.3261,0.3146,-0.399051,-177.42032,-14.586957,2.423974,13.10194,-2.792505
29188,0.07967,-0.024772,-0.02326,-0.009576,-0.001061,-8.5e-05,0.061457,-0.0,-0.0,3.0,0.3261,0.335902,0.3261,0.315881,0.319276,-176.931117,-15.211233,1.798792,12.284265,-2.956912
29208,0.075281,-0.024936,-0.023682,-0.010636,-0.003184,-0.00024,0.062124,-0.0,-0.0,3.0,0.3261,0.334635,0.3261,0.317251,0.339776,-176.436483,-15.151998,1.313398,11.65852,-3.116317
29228,0.070643,-0.025104,-0.024103,-0.012792,-0.00326,0.000836,0.06245,-0.0,-0.0,3.0,0.3261,0.333214,0.3261,0.318769,0.373132,-175.960999,-15.110124,0.958149,11.282629,-3.272259
29248,0.065761,-0.024786,-0.02467,-0.012794,-0.002194,0.000922,0.062841,-0.0,-0.0,3.0,0.3261,0.331617,0.3261,0.320454,0.414811,-175.495183,-15.062852,0.727368,11.165054,-3.425971
29268,0.06039,-0.024727,-0.02499,-0.012771,0.0,0.0,0.063572,-0.0,-0.0,3.0,0.3261,0.329684,0.3261,0.322462,0.488754,-175.030822,-14.983161,0.616171,11.269027,-3.578444
29288,0.054891,-0.024176,-0.025564,-0.011684,0.002184,-0.000946,0.064431,-0.0,-0.0,3.0,0.3261,0.327479,0.3261,0.324714,0.759638,-174.568828,-14.708881,0.616639,11.517745,-3.730527
29308,0.049034,-0.023999,-0.026134,-0.011708,0.001063,5.2e-05,0.064803,-0.0,-0.0,3.0,0.3261,0.325197,0.3261,0.327,44.822735,-174.35079,29.338734,0.703149,11.806709,-3.882946
29328,0.043422,-0.023943,-0.026696,-0.011706,0.0,0.0,0.065546,-0.0,-0.0,3.0,0.3261,0.323009,0.3261,0.329152,38.011838,-173.968695,22.506583,0.925709,12.05276,-4.036428
29348,0.03769,-0.024137,-0.027131,-0.011706,-0.001063,-4e-05,0.066227,-0.0,-0.0,3.0,0.3261,0.32058,0.3261,0.331497,38.052633,-173.457467,22.505535,1.196822,12.156972,-4.191746
29368,0.032077,-0.024088,-0.027569,-0.012794,-0.003225,0.000962,0.066539,-0.0,-0.0,3.0,0.3261,0.318244,0.3261,0.333707,38.096918,-172.943814,22.487203,1.484318,12.009703,-4.349074
29388,0.026466,-0.024041,-0.02801,-0.013858,-0.00322,0.00098,0.067138,-0.0,-0.0,3.0,0.3261,0.315943,0.3261,0.335845,38.162157,-172.43863,22.454363,1.737608,11.554515,-4.508144
29408,0.021094,-0.023871,-0.028321,-0.012796,-0.001086,0.001042,0.067817,-0.0,-0.0,3.0,0.3261,0.313262,0.3261,0.338287,38.269495,-171.954474,22.388352,1.909416,10.809511,-4.668184
29428,0.01572,-0.023581,-0.028513,-0.011682,0.001081,-0.001048,0.067817,-0.0,-0.0,3.0,0.3261,0.31085,0.3261,0.340439,38.520761,-171.506312,22.187179,1.968433,9.858474,-4.82815
29448,0.010592,-0.023288,-0.028822,-0.010618,0.001075,-0.001053,0.068848,-0.0,-0.0,3.0,0.3261,0.307996,0.3261,0.342932,45.539766,-171.23676,15.23139,1.912408,8.818199,-4.987066
29468,0.005952,-0.022987,-0.029239,-0.009554,0.001071,-0.001058,0.069241,-0.0,-0.0,3.0,0.3261,0.30546,0.3261,0.345102,50.891524,-171.037662,9.958518,1.703455,7.787597,-5.144244
29488,0.001682,-0.022928,-0.029533,-0.008489,0.001066,-0.001063,0.06998,-0.0,-0.0,3.0,0.3261,0.302986,0.3261,0.347178,50.923443,-170.675063,9.99066,1.3549,6.849116,-5.29918
29508,-0.001858,-0.022858,-0.029696,-0.00745,0.0,0.0,0.070573,-0.0,-0.0,3.0,0.3261,0.300599,0.3261,0.349142,50.974456,-170.336565,9.986654,0.933944,6.096791,-5.451843
29528,-0.004783,-0.023024,-0.029973,-0.005321,-0.001064,5e-06,0.070843,-0.0,-0.0,3.0,0.3261,0.298572,0.3261,0.350783,51.010807,-170.014177,9.975852,0.488273,5.592201,-5.60253
29548,-0.0071,-0.023182,-0.030005,-0.004257,-0.002128,1.5e-05,0.071376,-0.0,-0.0,3.0,0.3261,0.296492,0.3261,0.352439,51.027626,-169.699291,9.960301,0.070457,5.366158,-5.751612
29568,-0.008441,-0.023324,-0.030021,-0.002129,-0.002128,1.8e-05,0.071906,-0.0,-0.0,3.0,0.3261,0.294915,0.3261,0.353678,51.023656,-169.383674,9.940358,-0.266925,5.41862,-5.899429
29588,-0.008928,-0.023332,-0.030149,-0.0,-0.002128,1.9e-05,0.072243,-0.0,-0.0,3.0,0.3261,0.293442,0.3261,0.354821,50.999599,-169.05993,9.914588,-0.477496,5.718512,-6.046288
29608,-0.008564,-0.023204,-0.030144,0.002128,-0.002128,1.8e-05,0.072664,-0.0,-0.0,3.0,0.3261,0.292484,0.3261,0.355558,50.953912,-168.721934,9.876278,-0.527948,6.204023,-6.192541
29628,-0.007587,-0.02319,-0.030133,0.004257,-0.001064,8e-06,0.073144,-0.0,-0.0,3.0,0.3261,0.291571,0.3261,0.356255,50.857531,-168.365938,9.789394,-0.40478,6.78464,-6.338695
29648,-0.00576,-0.02304,-0.02999,0.005321,-0.001064,6e-06,0.073865,-0.0,-0.0,3.0,0.3261,0.291049,0.3261,0.356651,47.173133,-168.008299,6.111406,-0.116094,7.346794,-6.48545
29668,-0.003318,-0.023002,-0.029957,0.00641,-4e-06,-0.001065,0.074215,-0.0,-0.0,3.0,0.3261,0.290756,0.3261,0.356872,49.591238,-168.085433,8.527863,0.37238,7.770816,-6.633701
29688,-0.000142,-0.023077,-0.030042,0.00745,0.0,0.0,0.074726,-0.0,-0.0,3.0,0.3261,0.290865,0.3261,0.35679,28.933785,-168.145194,-12.151286,0.991274,7.964524,-6.784482
29708,0.003764,-0.02314,-0.029875,0.009578,0.0,0.0,0.07521,-0.0,-0.0,3.0,0.3261,0.2911,0.3261,0.356612,29.020499,-168.56465,-12.114023,1.554789,7.871265,-6.938189
29728,0.008528,-0.023314,-0.029823,0.012796,-0.001055,-0.001074,0.075669,-0.0,-0.0,3.0,0.3261,0.291829,0.3261,0.356058,29.072502,-168.981972,-12.134487,1.904329,7.472175,-7.093976
29748,0.014146,-0.023474,-0.029754,0.01386,-0.001049,-0.001079,0.076204,-0.0,-0.0,3.0,0.3261,0.293047,0.3261,0.355125,29.140627,-169.388754,-12.154871,1.960449,6.809649,-7.250301
29768,0.020742,-0.023616,-0.029792,0.015964,-0.001064,-2.2e-05,0.076572,-0.0,-0.0,3.0,0.3261,0.294713,0.3261,0.353835,29.213844,-169.779818,-12.17484,1.694985,5.990135,-7.40555
29788,0.028437,-0.023866,-0.029695,0.017028,-0.001064,-3e-05,0.076982,-0.0,-0.0,3.0,0.3261,0.296756,0.3261,0.352231,29.278713,-170.154548,-12.192077,1.146568,5.161046,-7.558625
29808,0.037111,-0.024098,-0.029702,0.019156,0.0,0.0,0.077356,-0.0,-0.0,3.0,0.3261,0.299314,0.3261,0.350185,29.319538,-170.516459,-12.201781,0.417657,4.472085,-7.709204
29828,0.046637,-0.024072,-0.029703,0.021285,0.0,0.0,0.077858,-0.0,-0.0,3.0,0.3261,0.302199,0.3261,0.347829,29.31206,-170.871173,-12.187549,-0.345905,4.036289,-7.857564
29848,0.056776,-0.024152,-0.02981,0.024476,0.001063,6e-05,0.078116,-0.0,-0.0,3.0,0.3261,0.305557,0.3261,0.345019,28.965995,-171.222252,-11.862036,-0.987452,3.90346,-8.004188
29868,0.068143,-0.024328,-0.030017,0.026604,0.001062,7.2e-05,0.078518,-0.0,-0.0,3.0,0.3261,0.309191,0.3261,0.341895,35.648118,-171.573091,-18.590783,-1.380004,4.052535,-8.149521
29888,0.080611,-0.024481,-0.030204,0.029798,0.0,0.0,0.078917,-0.0,-0.0,3.0,0.3261,0.313172,0.3261,0.338368,35.607705,-171.941133,-18.609859,-1.435429,4.400527,-8.294034
29908,0.093945,-0.024974,-0.030478,0.031929,-0.00106,-0.0001,0.079321,-0.0,-0.0,3.0,0.3261,0.317832,0.3261,0.334093,35.565579,-172.321357,-18.628466,-1.148464,4.824666,-8.438432
29928,0.108257,-0.025199,-0.030739,0.031903,-0.001173,0.000943,0.079519,-0.0,-0.0,3.0,0.3261,0.322915,0.3261,0.329244,35.53333,-172.714607,-18.647778,-0.591199,5.196568,-8.583666
29948,0.123312,-0.025638,-0.031086,0.03294,-0.001318,0.001982,0.079894,-0.0,-0.0,3.0,0.3261,0.328249,0.3261,0.323932,35.518169,-173.119296,-18.66924,0.104253,5.412841,-8.730651
29968,0.139228,-0.025565,-0.031444,0.034005,-0.001349,0.001961,0.080272,-0.0,-0.0,3.0,0.3261,0.333731,0.3261,0.318219,35.520032,-173.531825,-18.696097,0.774427,5.417491,-8.879836
29988,0.155283,-0.025954,-0.031876,0.035069,-0.001381,0.001939,0.080584,-0.0,-0.0,3.0,0.3261,0.339488,0.3261,0.31192,35.522632,-173.947662,-18.74202,1.259903,5.21412,-9.030929
30008,0.171585,-0.025828,-0.032452,0.036129,-0.000363,0.002098,0.081013,-0.0,-0.0,3.0,0.3261,0.345273,0.3261,0.305259,35.272798,-174.36096,-19.05168,1.444309,4.866252,-9.183005
30028,0.18839,-0.026039,-0.032975,0.037193,-0.000399,0.002092,0.081381,-0.0,-0.0,3.0,0.3261,0.351127,0.3261,0.298143,48.239734,-174.639606,-6.1491,1.321577,4.483107,-9.334967
30048,0.205704,-0.026212,-0.033599,0.037193,-0.000435,0.002084,0.081716,-0.0,-0.0,3.0,0.3261,0.357336,0.3261,0.290142,48.28847,-175.053783,-6.148171,0.920252,4.179849,-9.486047
30068,0.223046,-0.026352,-0.034335,0.037187,0.000567,0.002312,0.081876,-0.0,-0.0,3.0,0.3261,0.363525,0.3261,0.281646,48.31274,-175.469412,-6.154601,0.343403,4.044601,-9.635793
30088,0.240268,-0.026591,-0.035036,0.036129,-0.000506,0.002068,0.082204,-0.0,-0.0,3.0,0.3261,0.369727,0.3261,0.27254,48.315404,-175.88954,-6.162009,-0.229049,4.102979,-9.784101
30108,0.257032,-0.026578,-0.035767,0.035065,-0.000541,0.002059,0.082382,-0.0,-0.0,3.0,0.3261,0.375805,0.3261,0.262952,48.300385,-176.316927,-6.169357,-0.625016,4.296231,-9.931145
30128,0.273056,-0.02668,-0.036474,0.032917,-0.001886,0.002788,0.082718,-0.0,-0.0,3.0,0.3261,0.381667,0.3261,0.252975,48.275168,-176.753041,-6.174346,-0.740361,4.500144,-10.077383
30148,0.288488,-0.026396,-0.037356,0.03079,-0.001929,0.002759,0.083063,-0.0,-0.0,3.0,0.3261,0.387453,0.3261,0.24229,48.238521,-177.197168,-6.164545,-0.575764,4.575862,-10.22354
30168,0.302957,-0.026356,-0.038214,0.029745,-0.000635,0.002032,0.083288,-0.0,-0.0,3.0,0.3261,0.39299,0.3261,0.231115,48.859488,-177.642494,-6.802545,-0.23442,4.432561,-10.370342
30188,0.316177,-0.026104,-0.038993,0.026544,0.00035,0.002355,0.083644,-0.0,-0.0,3.0,0.3261,0.39809,0.3261,0.219799,48.342018,-178.074712,-6.28053,0.12481,4.07144,-10.518118
30208,0.327591,-0.026005,-0.039796,0.022314,0.000665,0.001351,0.083783,-0.0,-0.0,3.0,0.3261,0.402999,0.3261,0.207718,48.349298,-178.525465,-6.279027,0.357479,3.595567,-10.666651
30228,0.337505,-0.026169,-0.04057,0.01803,0.000299,0.002362,0.084038,-0.0,-0.0,3.0,0.3261,0.407375,0.3261,0.195651,48.369529,-178.97556,-6.292836,0.391359,3.172201,-10.815449
30248,0.345711,-0.026268,-0.041281,0.012718,-0.000721,0.002003,0.084281,-0.0,-0.0,3.0,0.3261,0.411438,0.3261,0.18294,48.381824,-179.427018,-6.312914,0.250496,2.966015,-10.964102
30268,0.351544,-0.026345,-0.041811,0.007423,-0.000366,0.000999,0.084554,-0.0,-0.0,3.0,0.3261,0.414932,0.3261,0.170333,48.375253,-179.883079,-6.339419,0.043536,3.068526,-11.112424
30288,0.354424,-0.026423,-0.042193,0.001074,-0.000998,-0.000369,0.084554,-0.0,-0.0,3.0,0.3261,0.417693,0.3261,0.158732,48.335667,-180.347096,-6.38552,-0.090163,3.448954,-11.26041
30308,0.35467,-0.026471,-0.042524,-0.004247,-0.000998,-0.00037,0.084927,-0.0,-0.0,3.0,0.3261,0.419713,0.3261,0.15,48.715471,-180.813541,-6.003142,-0.051011,3.952357,-11.408236
30328,0.352321,-0.026253,-0.042862,-0.010633,-0.000999,-0.000367,0.085101,-0.0,-0.0,3.0,0.3261,0.421265,0.3261,0.15,48.389608,-181.291823,-6.339427,0.157341,4.355216,-11.556302
30348,0.34748,-0.026146,-0.043008,-0.015928,-0.000638,-0.001363,0.085342,-0.0,-0.0,3.0,0.3261,0.422198,0.3261,0.15,48.375969,-181.788225,-6.374528,0.420182,4.461977,-11.704996
30368,0.34017,-0.026128,-0.043089,-0.021249,-0.000648,-0.001359,0.085551,-0.0,-0.0,3.0,0.3261,0.422493,0.3261,0.15,48.390159,-182.289944,-6.396746,0.56472,4.202002,-11.854281
30388,0.329868,-0.026088,-0.043121,-0.027635,-0.000662,-0.001352,0.08564,-0.0,-0.0,3.0,0.3261,0.422079,0.3261,0.15,48.41591,-182.792532,-6.412583,0.458337,3.675816,-12.003596
30408,0.316629,-0.025903,-0.043138,-0.032956,-0.00068,-0.001343,0.085813,-0.0,-0.0,3.0,0.3261,0.420719,0.3261,0.15,48.43267,-183.294351,-6.417941,0.096144,3.112278,-12.152315
30428,0.300556,-0.025546,-0.043235,-0.039316,-0.000386,-0.002349,0.085976,-0.0,-0.0,3.0,0.3261,0.418664,0.3261,0.154158,48.324004,-183.79636,-6.310554,-0.373782,2.753223,-12.300205
30448,0.281656,-0.02551,-0.04321,-0.045702,-0.000431,-0.002341,0.086059,-0.0,-0.0,3.0,0.3261,0.41575,0.3261,0.167081,48.539081,-184.200855,-6.532122,-0.741015,2.726024,-12.447384
30468,0.259458,-0.025425,-0.043246,-0.053119,-0.001238,-0.003633,0.086258,-0.0,-0.0,3.0,0.3261,0.411965,0.3261,0.181151,48.475855,-184.713015,-6.495176,-0.7753,2.983574,-12.594106
30488,0.233972,-0.025166,-0.043349,-0.060596,-0.001577,-0.002565,0.086343,-0.0,-0.0,3.0,0.3261,0.407025,0.3261,0.19667,48.446429,-185.234075,-6.489176,-0.408463,3.323504,-12.740912
30508,0.205225,-0.024982,-0.043363,-0.069112,-0.00165,-0.002518,0.08653,-0.0,-0.0,3.0,0.3261,0.400917,0.3261,0.213007,48.439249,-185.7638,-6.48508,0.197123,3.509847,-12.888559
30528,0.173196,-0.024586,-0.043647,-0.076564,-0.00173,-0.002464,0.086636,-0.0,-0.0,3.0,0.3261,0.393658,0.3261,0.229694,48.461903,-186.300092,-6.475207,0.733291,3.422309,-13.037436
30548,0.137532,-0.023898,-0.043839,-0.08293,-0.000616,-0.003309,0.086715,-0.0,-0.0,3.0,0.3261,0.384808,0.3261,0.247288,48.557882,-186.839997,-6.408701,0.91063,3.134842,-13.187086
30568,0.09849,-0.023132,-0.044135,-0.089341,-0.001909,-0.002328,0.086826,-0.0,-0.0,3.0,0.3261,0.374447,0.3261,0.265156,48.420177,-187.365617,-6.572812,0.638029,2.872584,-13.336604
30588,0.056186,-0.02242,-0.04414,-0.095706,-0.001946,-0.003308,0.086915,-0.0,-0.0,3.0,0.3261,0.362274,0.3261,0.283408,48.4714,-187.912775,-6.532821,0.078716,2.854394,-13.485359
30608,0.010482,-0.021259,-0.0441,-0.102097,-0.003159,-0.003227,0.086993,-0.0,-0.0,3.0,0.3261,0.348439,0.3261,0.301459,48.468536,-188.466994,-6.527532,-0.429318,3.127126,-13.633149
30628,-0.038395,-0.019999,-0.04371,-0.109555,-0.004376,-0.003028,0.087028,-0.0,-0.0,3.0,0.3261,0.331913,0.3261,0.320144,48.447934,-189.02995,-6.528256,-0.580981,3.496823,-13.780164
30648,-0.090106,-0.018864,-0.043097,-0.117012,-0.004527,-0.002797,0.087072,-0.0,-0.0,3.0,0.3261,0.312793,0.3261,0.338708,48.425954,-189.601587,-6.526337,-0.316973,3.640973,-13.927115
30668,-0.142155,-0.015954,-0.041973,-0.077638,-0.000452,-0.003161,0.087144,-0.0,-0.0,3.0,0.3261,0.290502,0.3261,0.357064,48.024671,-190.178196,-6.129396,0.128251,3.346553,-14.074817
30688,-0.170013,-0.015127,-0.034378,-0.03582,0.007756,-0.02401,0.087172,-0.0,-0.0,3.0,0.3261,0.28468,0.3261,0.361361,48.50696,-190.74271,-6.601896,0.389139,2.704515,-14.223291
30708,-0.187699,-0.01739,-0.024769,-0.022953,0.007979,-0.026434,0.087222,-0.0,-0.0,3.0,0.3261,0.275191,0.3261,0.367965,48.525891,-191.322246,-6.609343,0.26477,2.093518,-14.371852
30728,-0.196483,-0.022084,-0.012888,0.010191,0.008583,-0.027758,0.087241,-0.0,-0.0,3.0,0.3261,0.269007,0.3261,0.372019,48.532298,-191.90458,-6.625678,-0.129798,1.937277,-14.520024
30748,-0.1939,-0.024677,-0.002522,0.004772,0.001325,-0.020873,0.08726,-0.0,-0.0,3.0,0.3261,0.267708,0.3261,0.372846,48.513232,-192.493205,-6.644014,-0.425001,2.385983,-14.667718
30768,-0.190658,-0.023747,0.003511,-0.006196,-0.00913,-0.007995,0.087266,-0.0,-0.0,3.0,0.3261,0.263819,0.3261,0.375273,48.481031,-193.091724,-6.662001,-0.292499,3.157567,-14.81509
30788,-0.190776,-0.020344,0.003834,-0.011785,-0.014427,0.003871,0.087263,-0.0,-0.0,3.0,0.3261,0.257473,0.3261,0.37908,48.462845,-193.701907,-6.676183,0.249467,3.696001,-14.962906
30808,-0.19564,-0.014948,0.00094,-0.003333,-0.014418,0.009368,0.087248,-0.0,-0.0,3.0,0.3261,0.250855,0.3261,0.382854,48.473219,-194.320658,-6.687518,0.784423,3.576736,-15.111958
30828,-0.19832,-0.009681,-0.001805,0.006302,-0.010219,0.008567,0.087236,-0.0,-0.0,3.0,0.3261,0.245461,0.3261,0.385787,48.505615,-194.941947,-6.691982,0.799684,2.867574,-15.261635
30848,-0.194753,-0.007195,-0.004674,0.013778,-0.007117,0.007912,0.087198,-0.0,-0.0,3.0,0.3261,0.242425,0.3261,0.387383,48.525024,-195.563168,-6.682619,0.146125,2.12195,-15.410579
30868,-0.185071,-0.004236,-0.007986,0.020183,-0.006998,0.008889,0.087167,-0.0,-0.0,3.0,0.3261,0.242489,0.3261,0.387349,48.446167,-196.185921,-6.603006,-0.742369,1.941369,-15.55838
30888,-0.173322,0.000667,-0.011771,0.022356,-0.009015,0.010222,0.087107,-0.0,-0.0,3.0,0.3261,0.243664,0.3261,0.386736,42.300059,-196.69215,-0.478815,-1.156755,2.441013,-15.705216
30908,-0.164056,0.00512,-0.017102,0.021354,-0.010687,0.013635,0.087068,-0.0,-0.0,3.0,0.3261,0.2431,0.3261,0.387032,42.227327,-197.331628,-0.444151,-0.67398,3.114381,-15.851579
30928,-0.156404,0.008354,-0.023057,0.020331,-0.008689,0.013222,0.087001,-0.0,-0.0,3.0,0.3261,0.242235,0.3261,0.387481,42.214045,-197.980846,-0.438969,0.414072,3.24733,-15.999077
30948,-0.146925,0.011234,-0.028363,0.021403,-0.005967,0.010566,0.086925,-0.0,-0.0,3.0,0.3261,0.242296,0.3261,0.38745,42.244303,-198.634595,-0.439575,1.197802,2.600426,-16.148456
30968,-0.135375,0.014166,-0.032512,0.021412,-0.003069,0.009011,0.086839,-0.0,-0.0,3.0,0.3261,0.243295,0.3261,0.386929,42.275955,-199.289052,-0.458198,0.951305,1.740011,-16.298067
30988,-0.124781,0.015066,-0.036695,0.018221,4e-06,0.008581,0.086785,-0.0,-0.0,3.0,0.3261,0.244265,0.3261,0.38642,42.355978,-199.939572,-0.400953,-0.141184,1.586719,-16.446642
31008,-0.117325,0.013498,-0.041121,0.015008,0.004167,0.008082,0.086684,-0.0,-0.0,3.0,0.3261,0.243428,0.3261,0.38686,42.302624,-200.603446,-0.44121,-1.046064,2.486723,-16.594034
31028,-0.111162,0.010244,-0.045248,0.013904,0.007172,0.006696,0.086579,-0.0,-0.0,3.0,0.3261,0.241995,0.3261,0.387606,42.253905,-201.279257,-0.474379,-0.82215,3.692078,-16.740202
31048,-0.104272,0.007563,-0.048492,0.014942,0.007015,0.005686,0.086414,-0.0,-0.0,3.0,0.3261,0.241351,0.3261,0.387938,42.263047,-201.96739,-0.527766,0.367978,3.92694,-16.887301
31068,-0.096632,0.004812,-0.051477,0.013864,0.004853,0.005945,0.086325,-0.0,-0.0,3.0,0.3261,0.241412,0.3261,0.387906,42.579534,-202.655599,-0.826662,1.264073,2.687386,-17.036913
31088,-0.090226,0.002656,-0.054411,0.010656,0.001539,0.005204,0.086148,-0.0,-0.0,3.0,0.3261,0.241033,0.3261,0.388102,42.288786,-202.939973,-0.507009,0.635218,0.990175,-17.186351
31108,-0.085798,0.001474,-0.056433,0.009581,-0.000878,0.002212,0.086062,-0.0,-0.0,3.0,0.3261,0.239662,0.3261,0.388801,42.350894,-203.629562,-0.575697,-1.024873,0.592618,-17.334432
31128,-0.081539,0.002053,-0.057162,0.008512,-0.003269,-0.000801,0.085901,-0.0,-0.0,3.0,0.3261,0.23817,0.3261,0.389554,42.296919,-204.326414,-0.588775,-1.871573,2.077827,-17.48149
31148,-0.077189,0.003896,-0.056861,0.007443,-0.00653,-0.00163,0.085698,-0.0,-0.0,3.0,0.3261,0.236756,0.3261,0.390259,42.242388,-205.037208,-0.571373,-0.668753,3.986619,-17.62695
31168,-0.073486,0.006954,-0.056163,0.00531,-0.006524,-0.001654,0.085698,-0.0,-0.0,3.0,0.3261,0.23508,0.3261,0.391084,42.460534,-205.761104,-0.347967,1.637035,4.150193,-17.775526
31188,-0.071361,0.009595,-0.055603,0.005315,-0.005383,-0.000682,0.085351,-0.0,-0.0,3.0,0.3261,0.23281,0.3261,0.392183,48.822097,-205.802954,5.934357,2.653665,2.1221,-17.927973
31208,-0.069439,0.011013,-0.054957,0.005311,-0.002197,-0.000914,0.085222,-0.0,-0.0,3.0,0.3261,0.230708,0.3261,0.393182,48.596181,-206.366865,5.652421,0.973676,0.023563,-18.07774
31228,-0.067478,0.010961,-0.054484,0.002117,-7.2e-05,-0.001062,0.084987,-0.0,-0.0,3.0,0.3261,0.22835,0.3261,0.394283,48.638558,-207.090463,5.722925,-2.051107,0.525758,-18.225753
31248,-0.065611,0.009683,-0.05418,-1.2e-05,0.002054,-0.001202,0.084742,-0.0,-0.0,3.0,0.3261,0.225953,0.3261,0.395379,48.534712,-207.825016,5.726656,-2.904803,3.579095,-18.371135
31268,-0.065069,0.007874,-0.053991,-0.001074,0.003117,-0.00127,0.084627,-0.0,-0.0,3.0,0.3261,0.22281,0.3261,0.396782,48.50154,-208.583969,5.659716,-0.12424,5.700664,-18.513769
31288,-0.065023,0.006171,-0.053924,-0.001072,0.003117,-0.001269,0.084396,-0.0,-0.0,3.0,0.3261,0.219566,0.3261,0.39819,48.170151,-209.254636,6.020896,3.273831,3.737253,-18.665619
31308,-0.064852,0.004341,-0.054106,0.001063,0.003186,-0.000207,0.084153,-0.0,-0.0,3.0,0.3261,0.216258,0.3261,0.399585,48.594021,-209.993068,5.695311,2.788577,-0.740175,-18.817844
31328,-0.063734,0.003631,-0.05438,0.003192,0.001062,-6.8e-05,0.084028,-0.0,-0.0,3.0,0.3261,0.213305,0.3261,0.400796,48.668212,-210.743706,5.580274,-1.7409,-2.314645,-18.965025
31348,-0.062512,0.003535,-0.054635,0.003193,-0.001062,6.6e-05,0.083714,-0.0,-0.0,3.0,0.3261,0.210799,0.3261,0.401799,48.469856,-211.499507,5.45151,-4.872275,1.853871,-19.114616
31368,-0.061303,0.003916,-0.05524,0.003193,-0.003187,0.000196,0.083354,-0.0,-0.0,3.0,0.3261,0.208304,0.3261,0.402774,51.431024,-212.267665,8.566407,-1.703538,7.342791,-19.253083
31388,-0.060107,0.0049,-0.056061,0.002135,-0.004185,0.001318,0.083198,-0.0,-0.0,3.0,0.3261,0.205774,0.3261,0.403739,27.13747,-212.213235,-15.771577,5.117268,6.685049,-19.405342
31408,-0.058686,0.006383,-0.056759,0.002137,-0.004187,0.001312,0.082813,-0.0,-0.0,3.0,0.3261,0.203277,0.3261,0.40467,61.162404,-212.278973,18.024958,6.650804,-0.751727,-19.568223
31428,-0.05653,0.007778,-0.057102,0.002138,-0.002065,0.001183,0.082511,-0.0,-0.0,3.0,0.3261,0.201282,0.3261,0.405398,61.50072,-213.074935,18.202771,-0.99007,-5.718007,-19.709845
31448,-0.054712,0.00819,-0.05735,0.00212,-5.8e-05,-0.001063,0.08236,-0.0,-0.0,3.0,0.3261,0.19894,0.3261,0.406233,61.328351,-213.886466,18.21627,-8.951593,0.013133,-19.867794
31468,-0.053729,0.008093,-0.057473,0.003183,0.002068,-0.001177,0.082052,-0.0,-0.0,3.0,0.3261,0.195849,0.3261,0.407308,61.083609,-214.698869,18.05159,-5.267494,10.672364,-19.995273
31488,-0.052005,0.007526,-0.057745,0.004256,0.003188,-0.000166,0.081677,-0.0,-0.0,3.0,0.3261,0.193332,0.3261,0.408157,63.761522,-215.05758,15.312018,7.509095,10.981768,-20.140499
31508,-0.050141,0.006353,-0.058033,0.004256,0.002126,-0.000107,0.081412,-0.0,-0.0,3.0,0.3261,0.190885,0.3261,0.408963,64.396789,-214.200397,15.08723,11.795644,-2.733663,-20.324659
31528,-0.048144,0.004941,-0.058314,0.004257,0.001063,-5.1e-05,0.081114,-0.0,-0.0,3.0,0.3261,0.18911,0.3261,0.409534,64.74727,-213.334066,14.916007,-1.758562,-12.876963,-20.443647
31548,-0.046052,0.004394,-0.058219,0.004252,-0.001112,-0.001014,0.080812,-0.0,-0.0,3.0,0.3261,0.187451,0.3261,0.410059,64.231978,-212.434195,14.623729,-16.485764,-1.854624,-20.636547
31568,-0.043609,0.004468,-0.0581,0.004253,-0.002173,-0.00097,0.08039,-0.0,-0.0,3.0,0.3261,0.185738,0.3261,0.41059,69.27671,-211.897886,20.304008,-8.183486,18.866534,-20.730821
31588,-0.040688,0.004805,-0.057745,0.005322,-0.00319,0.00013,0.080006,-0.0,-0.0,3.0,0.3261,0.184417,0.3261,0.410994,70.058145,-210.800962,21.008675,16.74326,17.695134,-20.896798
31608,-0.037415,0.005762,-0.05737,0.00638,-0.002167,-0.000984,0.079635,-0.0,-0.0,3.0,0.3261,0.183927,0.3261,0.411142,70.892134,-209.858172,21.008799,21.207782,-10.645994,-21.135344
31628,-0.033778,0.00673,-0.056888,0.007428,-0.001171,-0.003155,0.079443,-0.0,-0.0,3.0,0.3261,0.183173,0.3261,0.411368,69.756145,-208.805427,22.710102,-9.703836,-26.228215,-21.179372
31648,-0.030255,0.007444,-0.056645,0.008498,-6.4e-05,-0.002128,0.079046,-0.0,-0.0,3.0,0.3261,0.182921,0.3261,0.411443,60.724406,-209.219221,30.856385,-34.214964,2.6555,-21.533049
31668,-0.026222,0.007314,-0.056793,0.008522,2.8e-05,0.001064,0.078784,-0.0,-0.0,3.0,0.3261,0.182685,0.3261,0.411513,59.945086,-210.404924,30.455875,-6.21744,40.263278,-21.409055
31688,-0.022062,0.007061,-0.057175,0.007457,2.3e-05,0.001064,0.078468,-0.0,-0.0,3.0,0.3261,0.183449,0.3261,0.411285,59.992259,-212.124146,29.69124,42.47895,21.911238,-21.846907
31708,-0.017891,0.006322,-0.05769,0.006385,0.001064,-1.9e-05,0.07775,-0.0,-0.0,3.0,0.3261,0.184058,0.3261,0.411102,62.64992,-212.88696,30.460338,30.793227,-40.191178,-21.961181
31728,-0.014459,0.005804,-0.058562,0.006398,3.1e-05,0.002128,0.077493,-0.0,-0.0,3.0,0.3261,0.183743,0.3261,0.411197,62.922078,-214.894554,29.416786,-42.66893,-46.282504,-22.042143
31748,-0.011512,0.005152,-0.059674,0.006402,3.7e-05,0.003193,0.07695,-0.0,-0.0,3.0,0.3261,0.183273,0.3261,0.411338,59.950491,-215.76521,29.934696,-63.053014,37.757979,-22.730753
31768,-0.008209,0.00488,-0.060661,0.008519,9e-06,0.001064,0.076723,-0.0,-0.0,3.0,0.3261,0.183276,0.3261,0.411337,58.587678,-217.879417,27.950828,31.452585,84.769493,-21.857964
31788,-0.004176,0.004757,-0.061404,0.008514,0.0,0.0,0.076274,-0.0,-0.0,3.0,0.3261,0.184392,0.3261,0.411001,58.698596,-216.449413,25.019797,102.539401,-12.938146,-24.03086
31808,9.3e-05,0.004888,-0.062024,0.009578,-0.001064,-0.0,0.075823,-0.0,-0.0,3.0,0.3261,0.185926,0.3261,0.410532,61.597965,-216.446915,24.838989,-8.539962,-123.865684,-21.848197
31828,0.004484,0.005025,-0.06241,0.008519,-0.001069,0.001059,0.075292,-0.0,-0.0,3.0,0.3261,0.1873,0.3261,0.410106,58.480581,-218.093709,22.28702,-150.624143,-19.70617,-25.784622
31848,0.00875,0.005282,-0.062785,0.00745,-0.001064,-9e-06,0.074928,-0.0,-0.0,3.0,0.3261,0.188849,0.3261,0.409617,54.223215,-217.218979,25.167928,-22.378705,188.350583,-21.464036
31868,0.012399,0.005764,-0.062916,0.005315,-0.001051,-0.001077,0.074477,-0.0,-0.0,3.0,0.3261,0.189545,0.3261,0.409395,51.467693,-216.561513,19.278543,216.024547,80.49472,-28.568681
31888,0.015562,0.006109,-0.063167,0.006385,-0.001064,-1.7e-05,0.074043,-0.0,-0.0,3.0,0.3261,0.190173,0.3261,0.409193,61.334804,-216.209386,21.136166,40.493898,-306.239526,-20.78635
31908,0.018246,0.006198,-0.063548,0.006392,-1.9e-05,0.001064,0.073448,-0.0,-0.0,3.0,0.3261,0.190565,0.3261,0.409067,68.846792,-222.793661,10.460632,-363.299177,-127.302295,-38.438383
31928,0.020701,0.005789,-0.063791,0.00745,0.0,0.0,0.073118,-0.0,-0.0,3.0,0.3261,0.191041,0.3261,0.408912,-24.404817,-231.810426,56.422027,109.967721,637.271432,-12.015518
31948,0.024014,0.005287,-0.064031,0.005316,2.6e-05,-0.001064,0.072598,-0.0,-0.0,3.0,0.3261,0.192458,0.3261,0.408447,9.556838,-219.940678,65.898868,1054.897799,-723.831151,-105.459405
31968,0.027198,0.005028,-0.064404,0.006385,0.0,0.0,0.072084,-0.0,-0.0,3.0,0.3261,0.194049,0.3261,0.407917,-1.026028,-223.907685,-17.479889,-4287.345372,-806.314865,-1044.97672
31988,0.030511,0.004531,-0.064883,0.00639,-3.2e-05,0.001064,0.071546,-0.0,-0.0,3.0,0.3261,0.195556,0.3261,0.407408,-1317465.160699,-32504157.790286,-37883144.124303,9676274172685422.0,2818661935868576.5,1009647381907725.5
32008,0.034062,0.004284,-0.065131,0.00745,0.0,0.0,0.071154,-0.0,-0.0,3.0,0.3261,0.197463,0.3261,0.406751,-5.225811963202351e+104,1.4032030800690394e+105,-7.614163676100261e+104,1.0593606437824164e+211,3.0858773425571224e+210,1.1053641943200629e+210
32028,0.03834,0.004176,-0.065001,0.008505,8.2e-05,-0.002127,0.070274,-0.0,-0.0,3.0,0.3261,0.200101,0.3261,0.405821,,,,,,
32048,0.042852,0.00444,-0.064767,0.011697,9.1e-05,-0.002127,0.069954,-0.0,-0.0,3.0,0.3261,0.2025,0.3261,0.404955,,,,,,
32068,0.048105,0.004479,-0.064403,0.012766,-0.001012,-0.001114,0.069451,-0.0,-0.0,3.0,0.3261,0.205332,0.3261,0.403906,,,,,,
32088,0.05372,0.004652,-0.064161,0.013829,-0.002068,-0.001177,0.069081,-0.0,-0.0,3.0,0.3261,0.209032,0.3261,0.402491,,,,,,
32108,0.05946,0.00471,-0.064035,0.011701,-0.002061,-0.001189,0.068461,-0.0,-0.0,3.0,0.3261,0.213149,0.3261,0.400859,,,,,,
32128,0.065198,0.004902,-0.064287,0.009577,-0.002124,-0.000139,0.06786,-0.0,-0.0,3.0,0.3261,0.2166,0.3261,0.399443,,,,,,
32148,0.07018,0.005689,-0.064792,0.007455,-0.001136,0.000987,0.067275,-0.0,-0.0,3.0,0.3261,0.219415,0.3261,0.398255,,,,,,
32168,0.074089,0.005833,-0.065291,0.005327,-7.9e-05,0.001061,0.06698,-0.0,-0.0,3.0,0.3261,0.221471,0.3261,0.397368,,,,,,
32188,0.076537,0.005565,-0.065756,0.004257,0.0,0.0,0.066643,-0.0,-0.0,3.0,0.3261,0.223001,0.3261,0.396698,,,,,,
32208,0.078621,0.005404,-0.066116,0.003187,0.001145,-0.000977,0.066069,-0.0,-0.0,3.0,0.3261,0.22408,0.3261,0.396219,,,,,,
32228,0.080104,0.004975,-0.066346,0.003188,0.002207,-0.000891,0.065022,-0.0,-0.0,3.0,0.3261,0.225446,0.3261,0.395608,,,,,,
32248,0.081355,0.004049,-0.066544,0.002129,0.001061,8.6e-05,0.064655,-0.0,-0.0,3.0,0.3261,0.22697,0.3261,0.394916,,,,,,
32268,0.082725,0.003373,-0.066763,0.002128,0.0,0.0,0.063858,-0.0,-0.0,3.0,0.3261,0.228516,0.3261,0.394206,,,,,,
32288,0.083838,0.002927,-0.066858,0.002128,-0.00106,-8.9e-05,0.063227,-0.0,-0.0,3.0,0.3261,0.230086,0.3261,0.393475,,,,,,
32308,0.085675,0.002866,-0.066855,0.002125,-0.00203,-0.001242,0.062591,-0.0,-0.0,3.0,0.3261,0.231942,0.3261,0.392598,,,,,,
32328,0.08774,0.003169,-0.066611,0.005317,-0.000967,-0.001153,0.062271,-0.0,-0.0,3.0,0.3261,0.233498,0.3261,0.391852,,,,,,
32348,0.090659,0.003621,-0.066379,0.00851,-0.000964,-0.001156,0.061585,-0.0,-0.0,3.0,0.3261,0.236149,0.3261,0.390559,,,,,,
32368,0.094686,0.003975,-0.065905,0.011702,0.000101,-0.001059,0.06094,-0.0,-0.0,3.0,0.3261,0.239606,0.3261,0.388829,,,,,,
32388,0.100561,0.003784,-0.065511,0.015955,0.000214,-0.002118,0.060331,-0.0,-0.0,3.0,0.3261,0.24421,0.3261,0.386449,,,,,,
32408,0.108765,0.003417,-0.064973,0.020213,0.000231,-0.002116,0.059984,-0.0,-0.0,3.0,0.3261,0.249613,0.3261,0.383541,,,,,,
32428,0.119183,0.002865,-0.064296,0.0266,0.000253,-0.002113,0.058889,-0.0,-0.0,3.0,0.3261,0.256566,0.3261,0.379609,,,,,,
32448,0.132908,0.002308,-0.063832,0.035117,0.000141,-0.001055,0.058433,-0.0,-0.0,3.0,0.3261,0.265016,0.3261,0.374534,,,,,,
32468,0.150316,0.001621,-0.063319,0.042568,0.001212,-0.000893,0.057687,-0.0,-0.0,3.0,0.3261,0.274554,0.3261,0.368392,,,,,,
32488,0.171042,0.001197,-0.063266,0.051083,0.002097,0.000362,0.056996,-0.0,-0.0,3.0,0.3261,0.2854,0.3261,0.36084,,,,,,
32508,0.195479,0.00018,-0.063204,0.058533,0.000837,0.001251,0.056284,-0.0,-0.0,3.0,0.3261,0.297471,0.3261,0.351663,,,,,,
32528,0.222905,-0.000811,-0.063424,0.064917,-0.000235,0.001038,0.055517,-0.0,-0.0,3.0,0.3261,0.310307,0.3261,0.340917,,,,,,
32548,0.253567,-0.001657,-0.063666,0.070235,-0.000534,0.00206,0.055517,-0.0,-0.0,3.0,0.3261,0.323484,0.3261,0.328688,,,,,,
32568,0.28712,-0.002341,-0.064038,0.075555,0.000418,0.002343,0.054254,-0.0,-0.0,3.0,0.3261,0.337384,0.3261,0.31426,,,,,,
32588,0.323483,-0.002745,-0.064437,0.081936,-6e-06,0.003365,0.053661,-0.0,-0.0,3.0,0.3261,0.351536,0.3261,0.297631,,,,,,
32608,0.362054,-0.003074,-0.065044,0.08619,-0.001508,0.003981,0.05317,-0.0,-0.0,3.0,0.3261,0.366019,0.3261,0.278059,,,,,,
32628,0.402266,-0.003369,-0.065615,0.088317,-0.001667,0.003917,0.052317,-0.0,-0.0,3.0,0.3261,0.380733,0.3261,0.254617,,,,,,
32648,0.442755,-0.003216,-0.066141,0.080871,0.001973,0.003291,0.05156,-0.0,-0.0,3.0,0.3261,0.3952,0.3261,0.226347,,,,,,
32668,0.479044,-0.002907,-0.066705,0.069165,0.001852,0.00336,0.050817,-0.0,-0.0,3.0,0.3261,0.40721,0.3261,0.196133,,,,,,
32688,0.504138,-0.003598,-0.066243,0.039378,0.001446,-0.000418,0.050443,-0.0,-0.0,3.0,0.3261,0.41525,0.3261,0.169084,,,,,,
32708,0.515929,-0.00429,-0.065819,-0.005319,0.001451,-0.000401,0.049312,-0.0,-0.0,3.0,0.3261,0.420267,0.3261,0.15,,,,,,
32728,0.508873,-0.005079,-0.064841,-0.044688,0.001037,-0.001859,0.04861,-0.0,-0.0,3.0,0.3261,0.420201,0.3261,0.15,,,,,,
32748,0.486025,-0.005125,-0.064177,-0.064889,0.000604,-0.005699,0.048008,-0.0,-0.0,3.0,0.3261,0.417542,0.3261,0.159415,,,,,,
32768,0.450479,-0.005562,-0.063382,-0.078715,0.003244,-0.006707,0.047551,-0.0,-0.0,3.0,0.3261,0.412144,0.3261,0.180536,,,,,,
32788,0.410395,-0.008095,-0.061707,-0.087219,0.002548,-0.005855,0.04653,-0.0,-0.0,3.0,0.3261,0.405801,0.3261,0.200158,,,,,,
32808,0.370431,-0.008953,-0.060423,-0.089338,0.00132,-0.006338,0.045758,-0.0,-0.0,3.0,0.3261,0.399414,0.3261,0.21667,,,,,,
32828,0.32958,-0.008437,-0.059871,-0.096799,0.000715,-0.005379,0.044932,-0.0,-0.0,3.0,0.3261,0.392751,0.3261,0.231621,,,,,,
32848,0.286057,-0.008425,-0.059044,-0.1,0.00018,-0.004384,0.044136,-0.0,-0.0,3.0,0.3261,0.384441,0.3261,0.247966,,,,,,
32868,0.238904,-0.010073,-0.057475,-0.10637,0.001259,-0.00517,0.043725,-0.0,-0.0,3.0,0.3261,0.374468,0.3261,0.265123,,,,,,
32888,0.189058,-0.011534,-0.056261,-0.110621,0.002045,-0.005027,0.042864,-0.0,-0.0,3.0,0.3261,0.362664,0.3261,0.282862,,,,,,
32908,0.138069,-0.011702,-0.055204,-0.112746,0.000732,-0.005271,0.042129,-0.0,-0.0,3.0,0.3261,0.349375,0.3261,0.300314,,,,,,
32928,0.085825,-0.011567,-0.053938,-0.117003,0.000456,-0.005302,0.041387,-0.0,-0.0,3.0,0.3261,0.334519,0.3261,0.317376,,,,,,
32948,0.031214,-0.011998,-0.05255,-0.10318,0.00226,-0.004189,0.040432,-0.0,-0.0,3.0,0.3261,0.317448,0.3261,0.334452,,,,,,
32968,-0.006062,-0.012231,-0.047043,-0.049757,0.01477,-0.021376,0.039855,-0.0,-0.0,3.0,0.3261,0.309827,0.3261,0.341339,,,,,,
32988,-0.029927,-0.019584,-0.036306,-0.026075,0.016224,-0.027108,0.03894,-0.0,-0.0,3.0,0.3261,0.303552,0.3261,0.346706,,,,,,
33008,-0.040582,-0.029123,-0.022199,-0.000139,0.021078,-0.031757,0.038093,-0.0,-0.0,3.0,0.3261,0.302285,0.3261,0.347759,,,,,,
33028,-0.038668,-0.037505,-0.008664,0.01174,0.012714,-0.029268,0.037681,-0.0,-0.0,3.0,0.3261,0.304557,0.3261,0.345864,,,,,,
33048,-0.03458,-0.039148,0.001277,0.000744,-0.004917,-0.019012,0.036367,-0.0,-0.0,3.0,0.3261,0.305084,0.3261,0.34542,,,,,,
33068,-0.032716,-0.035036,0.006632,-0.006109,-0.019424,-0.007887,0.036367,-0.0,-0.0,3.0,0.3261,0.303499,0.3261,0.346751,,,,,,
33088,-0.034405,-0.026106,0.007485,-0.007528,-0.025453,0.003007,0.0354,-0.0,-0.0,3.0,0.3261,0.302036,0.3261,0.347964,,,,,,
33108,-0.038252,-0.014907,0.005206,0.003098,-0.026383,0.006335,0.034234,-0.0,-0.0,3.0,0.3261,0.300507,0.3261,0.349217,,,,,,
33128,-0.036507,-0.004099,0.002732,0.011686,-0.023242,0.005109,0.033125,-0.0,-0.0,3.0,0.3261,0.301877,0.3261,0.348095,,,,,,
33148,-0.030517,0.00477,0.000683,0.015982,-0.020113,0.003808,0.032638,-0.0,-0.0,3.0,0.3261,0.303424,0.3261,0.346813,,,,,,
33168,-0.021855,0.012934,-0.000347,0.014931,-0.015913,0.002477,0.031519,-0.0,-0.0,3.0,0.3261,0.306064,0.3261,0.344589,,,,,,
33188,-0.013936,0.020007,-0.001814,0.012859,-0.010582,0.004406,0.031025,-0.0,-0.0,3.0,0.3261,0.308248,0.3261,0.342715,,,,,,
33208,-0.00921,0.023784,-0.004531,0.011859,-0.004198,0.006426,0.030012,-0.0,-0.0,3.0,0.3261,0.309447,0.3261,0.341672,,,,,,
33228,-0.004981,0.023296,-0.008369,0.01084,0.003235,0.0085,0.030012,-0.0,-0.0,3.0,0.3261,0.310379,0.3261,0.340854,,,,,,
33248,0.000486,0.019658,-0.012705,0.008681,0.010638,0.008521,0.028438,-0.0,-0.0,3.0,0.3261,0.312199,0.3261,0.33924,,,,,,
33268,0.005497,0.014208,-0.016768,0.006492,0.013794,0.007526,0.027713,-0.0,-0.0,3.0,0.3261,0.313664,0.3261,0.337923,,,,,,
33288,0.009075,0.007907,-0.020669,0.004317,0.014831,0.007585,0.026643,-0.0,-0.0,3.0,0.3261,0.314626,0.3261,0.337051,,,,,,
33308,0.010364,0.001104,-0.024544,0.002137,0.012693,0.007582,0.026116,-0.0,-0.0,3.0,0.3261,0.31469,0.3261,0.336993,,,,,,
33328,0.010563,-0.004488,-0.028541,0.001026,0.010552,0.008626,0.025179,-0.0,-0.0,3.0,0.3261,0.314654,0.3261,0.337025,,,,,,
33348,0.011493,-0.00848,-0.03267,0.002064,0.008428,0.007547,0.024271,-0.0,-0.0,3.0,0.3261,0.314936,0.3261,0.336768,,,,,,
33368,0.012787,-0.011735,-0.035944,0.002065,0.006317,0.005403,0.02338,-0.0,-0.0,3.0,0.3261,0.315505,0.3261,0.336248,,,,,,
33388,0.013595,-0.015125,-0.037868,0.001031,0.005292,0.002201,0.022819,-0.0,-0.0,3.0,0.3261,0.316094,0.3261,0.335706,,,,,,
33408,0.013781,-0.018295,-0.038218,-0.001046,0.004271,-0.001006,0.021831,-0.0,-0.0,3.0,0.3261,0.316236,0.3261,0.335575,,,,,,
33428,0.013442,-0.020385,-0.036988,-0.002064,0.002171,-0.003164,0.020731,-0.0,-0.0,3.0,0.3261,0.316175,0.3261,0.335632,,,,,,
33448,0.013444,-0.021617,-0.035144,-0.000972,5.7e-05,-0.004258,0.019996,-0.0,-0.0,3.0,0.3261,0.316394,0.3261,0.335429,,,,,,
33468,0.013435,-0.021747,-0.034045,-0.001017,-0.003164,-0.002172,0.019359,-0.0,-0.0,3.0,0.3261,0.31664,0.3261,0.335202,,,,,,
33488,0.012798,-0.020541,-0.03345,4.5e-05,-0.004229,-0.002183,0.018293,-0.0,-0.0,3.0,0.3261,0.316465,0.3261,0.335364,,,,,,
33508,0.012032,-0.018971,-0.032735,0.001106,-0.004231,-0.00218,0.01735,-0.0,-0.0,3.0,0.3261,0.316456,0.3261,0.335371,,,,,,
33528,0.012005,-0.017756,-0.031888,5.7e-05,-0.003154,-0.003231,0.016879,-0.0,-0.0,3.0,0.3261,0.31644,0.3261,0.335386,,,,,,
33548,0.011975,-0.016541,-0.030791,-0.001028,-0.003167,-0.002167,0.015951,-0.0,-0.0,3.0,0.3261,0.316725,0.3261,0.335123,,,,,,
33568,0.011828,-0.015451,-0.0297,-0.002095,-0.002103,-0.002154,0.015471,-0.0,-0.0,3.0,0.3261,0.317029,0.3261,0.334841,,,,,,
33588,0.011325,-0.014852,-0.028975,-0.002096,-0.002104,-0.002153,0.014312,-0.0,-0.0,3.0,0.3261,0.317341,0.3261,0.334551,,,,,,
33608,0.011311,-0.014123,-0.028369,-0.002098,-0.00104,-0.002141,0.013096,-0.0,-0.0,3.0,0.3261,0.317728,0.3261,0.33419,,,,,,
33628,0.011538,-0.01327,-0.02764,-0.002086,-0.001027,-0.003205,0.01261,-0.0,-0.0,3.0,0.3261,0.317861,0.3261,0.334066,,,,,,
33648,0.011396,-0.012301,-0.026548,-0.001025,-0.001028,-0.003205,0.011429,-0.0,-0.0,3.0,0.3261,0.318138,0.3261,0.333807,,,,,,
33668,0.011133,-0.011456,-0.025451,4.9e-05,-0.002081,-0.004281,0.010507,-0.0,-0.0,3.0,0.3261,0.318304,0.3261,0.333651,,,,,,
33688,0.010748,-0.010491,-0.024116,3.4e-05,-0.003158,-0.003227,0.009594,-0.0,-0.0,3.0,0.3261,0.318353,0.3261,0.333606,,,,,,
33708,0.010851,-0.009521,-0.022656,0.001095,-0.005286,-0.00325,0.00866,-0.0,-0.0,3.0,0.3261,0.318817,0.3261,0.333169,,,,,,
33728,0.011199,-0.008427,-0.021196,-0.001037,-0.005285,-0.003252,0.008177,-0.0,-0.0,3.0,0.3261,0.319164,0.3261,0.332841,,,,,,
33748,0.011059,-0.007215,-0.019739,-0.002105,-0.005285,-0.003251,0.007473,-0.0,-0.0,3.0,0.3261,0.319393,0.3261,0.332625,,,,,,
33768,0.010918,-0.005637,-0.018527,-0.001052,-0.004233,-0.002175,0.006378,-0.0,-0.0,3.0,0.3261,0.319679,0.3261,0.332354,,,,,,
33788,0.010778,-0.004056,-0.017434,1.3e-05,-0.003158,-0.003227,0.005181,-0.0,-0.0,3.0,0.3261,0.320053,0.3261,0.331999,,,,,,
33808,0.01064,-0.002354,-0.016467,8e-06,-0.002094,-0.003215,0.004561,-0.0,-0.0,3.0,0.3261,0.320368,0.3261,0.331699,,,,,,
33828,0.010384,-0.001018,-0.01562,-0.002126,-0.002106,-0.00215,0.003963,-0.0,-0.0,3.0,0.3261,0.320546,0.3261,0.331529,,,,,,
33848,0.009642,0.000316,-0.014895,-0.003193,-0.003172,-0.002159,0.002944,-0.0,-0.0,3.0,0.3261,0.320628,0.3261,0.33145,,,,,,
33868,0.008655,0.00177,-0.014047,-0.004263,-0.003165,-0.00322,0.002007,-0.0,-0.0,3.0,0.3261,0.320664,0.3261,0.331416,,,,,,
33888,0.008037,0.003104,-0.013075,-0.003203,-0.004231,-0.003227,0.000863,-0.0,-0.0,3.0,0.3261,0.320987,0.3261,0.331107,,,,,,
33908,0.007786,0.004441,-0.011981,-1.4e-05,-0.004232,-0.003226,0.000139,-0.0,-0.0,3.0,0.3261,0.321435,0.3261,0.330677,,,,,,
33928,0.007905,0.005536,-0.010887,0.001046,-0.003167,-0.003218,-0.000537,-0.0,-0.0,3.0,0.3261,0.321856,0.3261,0.330271,,,,,,
33948,0.008268,0.006755,-0.009917,0.001043,-0.002102,-0.00321,-0.001784,-0.0,-0.0,3.0,0.3261,0.322318,0.3261,0.329824,,,,,,
33968,0.008878,0.007487,-0.009067,0.002112,-0.002109,-0.002147,-0.002369,-0.0,-0.0,3.0,0.3261,0.32292,0.3261,0.329239,,,,,,
33988,0.009611,0.007975,-0.00834,0.001047,-0.001044,-0.002139,-0.003148,-0.0,-0.0,3.0,0.3261,0.323683,0.3261,0.328494,,,,,,
34008,0.010225,0.007609,-0.007852,-8e-06,1.1e-05,-0.001064,-0.004142,-0.0,-0.0,3.0,0.3261,0.324336,0.3261,0.327851,,,,,,
34028,0.010714,0.007001,-0.008095,0.001072,0.001053,0.001076,-0.005062,-0.0,-0.0,3.0,0.3261,0.324905,0.3261,0.327289,,,,,,
34048,0.011569,0.006399,-0.008949,0.002142,0.00104,0.002141,-0.005997,-0.0,-0.0,3.0,0.3261,0.325829,0.3261,0.326371,,,,,,
34068,0.012789,0.005801,-0.010047,0.002141,0.001037,0.002142,-0.006919,-0.0,-0.0,3.0,0.3261,0.326923,0.3261,0.325274,,,,,,
34088,0.01352,0.005327,-0.011511,0.001076,0.001035,0.002143,-0.007806,-0.0,-0.0,3.0,0.3261,0.327602,0.3261,0.324589,,,,,,
34108,0.01364,0.005092,-0.012852,-0.001059,0.00105,0.001079,-0.008638,-0.0,-0.0,3.0,0.3261,0.327951,0.3261,0.324236,,,,,,
34128,0.013392,0.005219,-0.013829,-0.002123,-1.4e-05,0.001064,-0.009098,-0.0,-0.0,3.0,0.3261,0.328303,0.3261,0.323877,,,,,,
34148,0.013391,0.005223,-0.014439,-0.001059,-0.001078,0.00105,-0.009972,-0.0,-0.0,3.0,0.3261,0.328926,0.3261,0.323241,,,,,,
34168,0.013266,0.005348,-0.014928,-0.001059,-0.001078,0.00105,-0.011116,-0.0,-0.0,3.0,0.3261,0.329683,0.3261,0.322463,,,,,,
34188,0.013143,0.005349,-0.015294,-0.001059,-0.001078,0.00105,-0.012026,-0.0,-0.0,3.0,0.3261,0.330241,0.3261,0.321886,,,,,,
34208,0.013264,0.005474,-0.015539,0.001064,-0.001064,-1.4e-05,-0.012963,-0.0,-0.0,3.0,0.3261,0.330762,0.3261,0.321346,,,,,,
34228,0.013875,0.005356,-0.015417,0.001058,-0.001049,-0.001079,-0.013459,-0.0,-0.0,3.0,0.3261,0.331405,0.3261,0.320676,,,,,,
34248,0.01412,0.005477,-0.015053,0.001053,3e-05,-0.002128,-0.014556,-0.0,-0.0,3.0,0.3261,0.332156,0.3261,0.319888,,,,,,
34268,0.014363,0.005599,-0.01481,-6e-06,1.5e-05,-0.001064,-0.015297,-0.0,-0.0,3.0,0.3261,0.332905,0.3261,0.319097,,,,,,
34288,0.015096,0.005724,-0.014447,-6e-06,-0.001048,-0.00108,-0.016155,-0.0,-0.0,3.0,0.3261,0.333927,0.3261,0.31801,,,,,,
34308,0.016198,0.005606,-0.013963,-1.2e-05,-0.00103,-0.002145,-0.016937,-0.0,-0.0,3.0,0.3261,0.334882,0.3261,0.316985,,,,,,
34328,0.016565,0.005482,-0.013472,-0.00107,-0.001046,-0.001082,-0.01807,-0.0,-0.0,3.0,0.3261,0.335757,0.3261,0.316038,,,,,,
34348,0.01632,0.005724,-0.013351,-0.00107,-0.001047,-0.001081,-0.019085,-0.0,-0.0,3.0,0.3261,0.336275,0.3261,0.315475,,,,,,
34368,0.016319,0.005725,-0.013474,0.0,0.0,0.0,-0.019533,-0.0,-0.0,3.0,0.3261,0.336719,0.3261,0.31499,,,,,,
34388,0.016442,0.005728,-0.01372,0.001064,0.001064,1.7e-05,-0.020422,-0.0,-0.0,3.0,0.3261,0.337513,0.3261,0.314118,,,,,,
34408,0.01644,0.005732,-0.014209,0.0,0.001064,1.7e-05,-0.021355,-0.0,-0.0,3.0,0.3261,0.338201,0.3261,0.313357,,,,,,
34428,0.016194,0.005735,-0.014818,-0.001058,-1.7e-05,0.001064,-0.021842,-0.0,-0.0,3.0,0.3261,0.338778,0.3261,0.312715,,,,,,
34448,0.016195,0.005376,-0.01567,-0.001059,-0.001081,0.001047,-0.022683,-0.0,-0.0,3.0,0.3261,0.339685,0.3261,0.311699,,,,,,
34468,0.016685,0.004899,-0.016644,-0.001054,-0.0011,0.00211,-0.023839,-0.0,-0.0,3.0,0.3261,0.340714,0.3261,0.310538,,,,,,
34488,0.017173,0.004547,-0.01774,1.4e-05,-0.001119,0.003174,-0.024516,-0.0,-0.0,3.0,0.3261,0.34152,0.3261,0.30962,,,,,,
34508,0.017416,0.004437,-0.01896,0.001074,-3.7e-05,0.002128,-0.025652,-0.0,-0.0,3.0,0.3261,0.342441,0.3261,0.308563,,,,,,
34528,0.017783,0.004084,-0.020056,0.001069,0.002109,0.001102,-0.026637,-0.0,-0.0,3.0,0.3261,0.343404,0.3261,0.30745,,,,,,
34548,0.018398,0.003488,-0.020905,0.0,0.002128,3.9e-05,-0.027072,-0.0,-0.0,3.0,0.3261,0.344198,0.3261,0.306523,,,,,,
34568,0.018771,0.002764,-0.021387,-0.001064,0.001064,2e-05,-0.027953,-0.0,-0.0,3.0,0.3261,0.34512,0.3261,0.305439,,,,,,
34588,0.018905,0.001667,-0.021377,-0.001066,2e-05,-0.001064,-0.028839,-0.0,-0.0,3.0,0.3261,0.345855,0.3261,0.304568,,,,,,
34608,0.018793,0.000688,-0.021246,-0.002128,0.0,0.0,-0.029397,-0.0,-0.0,3.0,0.3261,0.346517,0.3261,0.303778,,,,,,
34628,0.017826,-0.000178,-0.021116,-0.003192,0.001083,-0.001045,-0.030342,-0.0,-0.0,3.0,0.3261,0.347064,0.3261,0.303123,,,,,,
34648,0.01698,-0.001042,-0.020987,-0.003192,0.00321,-0.00101,-0.031378,-0.0,-0.0,3.0,0.3261,0.347655,0.3261,0.30241,,,,,,
34668,0.016262,-0.002396,-0.020611,-0.002126,0.00321,-0.001012,-0.032109,-0.0,-0.0,3.0,0.3261,0.348123,0.3261,0.301843,,,,,,
34688,0.015176,-0.003754,-0.020114,-0.003185,0.002161,-0.002096,-0.033195,-0.0,-0.0,3.0,0.3261,0.348642,0.3261,0.301211,,,,,,
34708,0.013236,-0.005241,-0.019621,-0.004251,0.002142,-0.001036,-0.033617,-0.0,-0.0,3.0,0.3261,0.348658,0.3261,0.301192,,,,,,
34728,0.011419,-0.00685,-0.019007,-0.004243,0.003217,-0.002092,-0.034462,-0.0,-0.0,3.0,0.3261,0.348926,0.3261,0.300864,,,,,,
34748,0.009969,-0.008821,-0.01827,-0.003174,0.004278,-0.002086,-0.03531,-0.0,-0.0,3.0,0.3261,0.349344,0.3261,0.300352,,,,,,
34768,0.008643,-0.011033,-0.017657,-0.003169,0.003211,-0.002101,-0.036207,-0.0,-0.0,3.0,0.3261,0.349839,0.3261,0.299743,,,,,,
34788,0.007072,-0.013246,-0.017048,-0.003165,0.003208,-0.002106,-0.03679,-0.0,-0.0,3.0,0.3261,0.349985,0.3261,0.299561,,,,,,
34808,0.005623,-0.015702,-0.016441,-0.00316,0.004269,-0.002105,-0.037821,-0.0,-0.0,3.0,0.3261,0.350341,0.3261,0.299121,,,,,,
34828,0.004172,-0.017913,-0.015959,-0.003155,0.00533,-0.002107,-0.038248,-0.0,-0.0,3.0,0.3261,0.350549,0.3261,0.298862,,,,,,
34848,0.002965,-0.020242,-0.015479,-0.00315,0.005327,-0.002113,-0.039017,-0.0,-0.0,3.0,0.3261,0.351041,0.3261,0.29825,,,,,,
34868,0.002001,-0.022814,-0.014876,-0.003144,0.004261,-0.00212,-0.04004,-0.0,-0.0,3.0,0.3261,0.351676,0.3261,0.297454,,,,,,
34888,0.001034,-0.024897,-0.014398,-0.00314,0.003195,-0.002126,-0.040857,-0.0,-0.0,3.0,0.3261,0.352122,0.3261,0.296893,,,,,,
34908,0.000178,-0.025879,-0.013798,-0.001037,0.0,-0.001065,-0.041658,-0.0,-0.0,3.0,0.3261,0.35256,0.3261,0.29634,,,,,,
34928,-0.000319,-0.025639,-0.013194,5.5e-05,-0.003193,-0.002128,-0.042483,-0.0,-0.0,3.0,0.3261,0.353263,0.3261,0.295446,,,,,,
34948,0.000155,-0.024415,-0.012699,2.6e-05,-0.005321,-0.001065,-0.042919,-0.0,-0.0,3.0,0.3261,0.354027,0.3261,0.294467,,,,,,
34968,0.000748,-0.02258,-0.012204,0.001112,-0.004255,-0.002132,-0.043984,-0.0,-0.0,3.0,0.3261,0.355212,0.3261,0.292935,,,,,,
34988,0.001468,-0.021111,-0.01183,0.001087,-0.003191,-0.001069,-0.044532,-0.0,-0.0,3.0,0.3261,0.356121,0.3261,0.291747,,,,,,
35008,0.001701,-0.020256,-0.011218,4.3e-05,-0.002125,-0.002133,-0.045588,-0.0,-0.0,3.0,0.3261,0.356806,0.3261,0.290845,,,,,,
35028,0.001691,-0.019768,-0.010486,4.2e-05,4e-06,-0.002129,-0.046187,-0.0,-0.0,3.0,0.3261,0.357464,0.3261,0.289972,,,,,,
35048,0.001566,-0.020136,-0.009998,-0.001043,0.001066,-0.001063,-0.046751,-0.0,-0.0,3.0,0.3261,0.358168,0.3261,0.289032,,,,,,
35068,0.001321,-0.020625,-0.009756,-0.001064,0.001064,1e-06,-0.047634,-0.0,-0.0,3.0,0.3261,0.358828,0.3261,0.288144,,,,,,
35088,0.000957,-0.021237,-0.009638,-0.001064,0.001064,1e-06,-0.048411,-0.0,-0.0,3.0,0.3261,0.359533,0.3261,0.287189,,,,,,
35108,0.00084,-0.022215,-0.009639,-0.001041,0.001065,-0.001064,-0.048811,-0.0,-0.0,3.0,0.3261,0.360166,0.3261,0.286325,,,,,,
35128,0.000599,-0.022948,-0.009641,-0.001064,0.001064,1e-06,-0.049589,-0.0,-0.0,3.0,0.3261,0.36088,0.3261,0.285344,,,,,,
35148,0.000235,-0.023682,-0.009523,-0.002103,0.001064,-0.001064,-0.050468,-0.0,-0.0,3.0,0.3261,0.36159,0.3261,0.284362,,,,,,
35168,-0.000252,-0.024051,-0.009529,-0.001039,-0.001064,-0.001064,-0.051216,-0.0,-0.0,3.0,0.3261,0.362231,0.3261,0.283469,,,,,,
35188,-0.00013,-0.02405,-0.009528,-0.001039,-0.001064,-0.001064,-0.051738,-0.0,-0.0,3.0,0.3261,0.363065,0.3261,0.282297,,,,,,
35208,0.000113,-0.023683,-0.009525,2.5e-05,-0.002128,-0.001065,-0.05274,-0.0,-0.0,3.0,0.3261,0.363986,0.3261,0.280991,,,,,,
35228,0.000596,-0.023192,-0.009275,2.5e-05,-0.001064,-0.001065,-0.053232,-0.0,-0.0,3.0,0.3261,0.364813,0.3261,0.279807,,,,,,
35248,0.000716,-0.022704,-0.009274,0.0,-0.001064,-1e-06,-0.054023,-0.0,-0.0,3.0,0.3261,0.365543,0.3261,0.278752,,,,,,
35268,0.000716,-0.022704,-0.009274,0.0,0.0,0.0,-0.054746,-0.0,-0.0,3.0,0.3261,0.366346,0.3261,0.277582,,,,,,
35288,0.000718,-0.022826,-0.009396,-0.001064,0.001064,1e-06,-0.055459,-0.0,-0.0,3.0,0.3261,0.36715,0.3261,0.276401,,,,,,
35308,0.000846,-0.023191,-0.00976,-0.001064,0.001064,1e-06,-0.056243,-0.0,-0.0,3.0,0.3261,0.368132,0.3261,0.274943,,,,,,
35328,0.001099,-0.023678,-0.010368,-2.5e-05,-1e-06,0.001065,-0.056243,-0.0,-0.0,3.0,0.3261,0.36882,0.3261,0.273912,,,,,,
35348,0.00123,-0.023921,-0.010977,-2.5e-05,-0.001066,0.001063,-0.057475,-0.0,-0.0,3.0,0.3261,0.369934,0.3261,0.272225,,,,,,
35368,0.001482,-0.023797,-0.011707,-2.5e-05,-0.001066,0.001063,-0.057942,-0.0,-0.0,3.0,0.3261,0.370651,0.3261,0.271127,,,,,,
35388,0.001734,-0.023551,-0.012436,-2.5e-05,-0.00213,0.001061,-0.058708,-0.0,-0.0,3.0,0.3261,0.371603,0.3261,0.269656,,,,,,
35408,0.002107,-0.023303,-0.013165,-2.5e-05,-0.001066,0.001062,-0.059134,-0.0,-0.0,3.0,0.3261,0.372471,0.3261,0.268298,,,,,,
35428,0.002114,-0.023058,-0.013898,-0.001089,-0.001066,0.001062,-0.059871,-0.0,-0.0,3.0,0.3261,0.373331,0.3261,0.266939,,,,,,
35448,0.002001,-0.023058,-0.014754,-0.001089,-2e-06,0.001065,-0.060651,-0.0,-0.0,3.0,0.3261,0.374062,0.3261,0.265774,,,,,,
35468,0.002012,-0.023179,-0.015608,-0.001089,-2e-06,0.001065,-0.061045,-0.0,-0.0,3.0,0.3261,0.37484,0.3261,0.264522,,,,,,
35488,0.00178,-0.023302,-0.016588,-0.001089,-2e-06,0.001065,-0.061774,-0.0,-0.0,3.0,0.3261,0.375646,0.3261,0.263212,,,,,,
35508,0.001547,-0.023426,-0.017445,-0.001089,-2e-06,0.001065,-0.062433,-0.0,-0.0,3.0,0.3261,0.376436,0.3261,0.261915,,,,,,
35528,0.001192,-0.02355,-0.018304,-0.001089,-0.001065,0.001063,-0.063198,-0.0,-0.0,3.0,0.3261,0.377224,0.3261,0.260607,,,,,,
35548,0.001201,-0.023428,-0.019158,-2.5e-05,-0.001066,0.001063,-0.063717,-0.0,-0.0,3.0,0.3261,0.378157,0.3261,0.259041,,,,,,
35568,0.001453,-0.023303,-0.019888,-2.5e-05,-0.001066,0.001063,-0.064337,-0.0,-0.0,3.0,0.3261,0.379072,0.3261,0.257487,,,,,,
35588,0.001705,-0.0233,-0.020617,-2.5e-05,-0.001066,0.001063,-0.064839,-0.0,-0.0,3.0,0.3261,0.379963,0.3261,0.255957,,,,,,
35608,0.00171,-0.023178,-0.02111,-0.001089,-2e-06,0.001065,-0.065189,-0.0,-0.0,3.0,0.3261,0.380785,0.3261,0.254526,,,,,,
35628,0.001473,-0.023181,-0.021723,-0.001089,-2e-06,0.001065,-0.066016,-0.0,-0.0,3.0,0.3261,0.381529,0.3261,0.253218,,,,,,
35648,0.001356,-0.023181,-0.022213,-0.001089,-0.001066,0.001063,-0.06662,-0.0,-0.0,3.0,0.3261,0.382329,0.3261,0.251796,,,,,,
35668,0.001363,-0.023181,-0.022823,-2.5e-05,-0.001066,0.001063,-0.067217,-0.0,-0.0,3.0,0.3261,0.383481,0.3261,0.249721,,,,,,
35688,0.001491,-0.023179,-0.02331,-2.5e-05,-0.001066,0.001063,-0.067805,-0.0,-0.0,3.0,0.3261,0.384201,0.3261,0.248408,,,,,,
35708,0.001863,-0.023174,-0.023794,0.0,0.0,0.0,-0.068099,-0.0,-0.0,3.0,0.3261,0.385057,0.3261,0.246826,,,,,,
35728,0.002233,-0.023047,-0.024278,0.0,0.0,0.0,-0.068702,-0.0,-0.0,3.0,0.3261,0.386029,0.3261,0.245006,,,,,,
35748,0.002361,-0.023045,-0.024765,0.0,-0.001064,-3e-06,-0.069241,-0.0,-0.0,3.0,0.3261,0.386962,0.3261,0.243233,,,,,,
35768,0.002243,-0.023046,-0.025132,-0.001089,-0.001067,0.001062,-0.069525,-0.0,-0.0,3.0,0.3261,0.387628,0.3261,0.241951,,,,,,
35788,0.002127,-0.023047,-0.025622,-0.001089,-0.001066,0.001062,-0.070302,-0.0,-0.0,3.0,0.3261,0.38856,0.3261,0.240137,,,,,,
35808,0.002132,-0.023047,-0.02611,0.0,0.0,0.0,-0.070783,-0.0,-0.0,3.0,0.3261,0.38939,0.3261,0.238496,,,,,,
35828,0.002139,-0.023168,-0.026598,-2.5e-05,-2e-06,0.001065,-0.071367,-0.0,-0.0,3.0,0.3261,0.390388,0.3261,0.236495,,,,,,
35848,0.002147,-0.02329,-0.027086,-0.001089,-2e-06,0.001065,-0.071899,-0.0,-0.0,3.0,0.3261,0.391164,0.3261,0.234916,,,,,,
35868,0.002152,-0.023167,-0.027697,-0.001089,-0.001067,0.001062,-0.072415,-0.0,-0.0,3.0,0.3261,0.392041,0.3261,0.233106,,,,,,
35888,0.002036,-0.023168,-0.028186,-0.001089,-0.001066,0.001062,-0.07267,-0.0,-0.0,3.0,0.3261,0.392825,0.3261,0.231464,,,,,,
35908,0.00204,-0.023045,-0.028675,-0.001064,-0.001064,-2e-06,-0.073458,-0.0,-0.0,3.0,0.3261,0.393775,0.3261,0.229443,,,,,,
35928,0.001922,-0.023047,-0.029042,-0.001064,-0.001064,-2e-06,-0.073766,-0.0,-0.0,3.0,0.3261,0.394579,0.3261,0.227706,,,,,,
35948,0.001679,-0.022928,-0.029289,-0.001064,-0.001064,-2e-06,-0.074204,-0.0,-0.0,3.0,0.3261,0.395383,0.3261,0.225943,,,,,,
35968,0.001314,-0.022933,-0.029415,-0.001064,-0.001064,-1e-06,-0.074785,-0.0,-0.0,3.0,0.3261,0.396223,0.3261,0.224073,,,,,,
35988,0.001071,-0.022937,-0.02954,-0.001064,-0.001064,-1e-06,-0.075057,-0.0,-0.0,3.0,0.3261,0.396984,0.3261,0.222349,,,,,,
36008,0.000827,-0.02294,-0.029543,-0.001064,0.0,0.0,-0.075519,-0.0,-0.0,3.0,0.3261,0.397793,0.3261,0.22049,,,,,,
36028,0.000829,-0.02294,-0.029665,-0.001064,0.0,0.0,-0.075985,-0.0,-0.0,3.0,0.3261,0.398633,0.3261,0.218527,,,,,,
36048,0.000827,-0.022818,-0.029665,0.0,-0.001064,-1e-06,-0.076454,-0.0,-0.0,3.0,0.3261,0.399693,0.3261,0.215998,,,,,,
36068,0.000828,-0.022818,-0.029787,0.0,-0.001064,-1e-06,-0.07678,-0.0,-0.0,3.0,0.3261,0.400637,0.3261,0.213699,,,,,,
36088,0.000828,-0.022818,-0.029787,2.4e-05,-0.001063,-0.001065,-0.077139,-0.0,-0.0,3.0,0.3261,0.401295,0.3261,0.212066,,,,,,
36108,0.00095,-0.022816,-0.029786,0.0,-0.001064,-1e-06,-0.077537,-0.0,-0.0,3.0,0.3261,0.402377,0.3261,0.209327,,,,,,
36128,0.00095,-0.022816,-0.029786,-0.001064,-0.001064,-1e-06,-0.078092,-0.0,-0.0,3.0,0.3261,0.40298,0.3261,0.207769,,,,,,
36148,0.00095,-0.022816,-0.029786,-0.001064,-0.001064,-1e-06,-0.078408,-0.0,-0.0,3.0,0.3261,0.403827,0.3261,0.205543,,,,,,
36168,0.00095,-0.022816,-0.029786,-0.001064,0.0,0.0,-0.078861,-0.0,-0.0,3.0,0.3261,0.404898,0.3261,0.202656,,,,,,
36188,0.000952,-0.022938,-0.029786,-0.001064,0.0,0.0,-0.079271,-0.0,-0.0,3.0,0.3261,0.405766,0.3261,0.200255,,,,,,
36208,0.000952,-0.022938,-0.029786,0.0,-0.001064,-1e-06,-0.079658,-0.0,-0.0,3.0,0.3261,0.406635,0.3261,0.197795,,,,,,
36228,0.000952,-0.022938,-0.029786,0.0,-0.001064,-1e-06,-0.079896,-0.0,-0.0,3.0,0.3261,0.407566,0.3261,0.195091,,,,,,
36248,0.00095,-0.022816,-0.029786,0.0,-0.001064,-1e-06,-0.079896,-0.0,-0.0,3.0,0.3261,0.408338,0.3261,0.19279,,,,,,
36268,0.00095,-0.022816,-0.029786,0.0,-0.001064,-1e-06,-0.080681,-0.0,-0.0,3.0,0.3261,0.409199,0.3261,0.190155,,,,,,
36288,0.001074,-0.022814,-0.029906,0.0,0.0,0.0,-0.080948,-0.0,-0.0,3.0,0.3261,0.41007,0.3261,0.187415,,,,,,
36308,0.001074,-0.022814,-0.029906,-0.001064,0.0,0.0,-0.081205,-0.0,-0.0,3.0,0.3261,0.411011,0.3261,0.184359,,,,,,
36328,0.000952,-0.022816,-0.029908,-0.001064,0.0,0.0,-0.081632,-0.0,-0.0,3.0,0.3261,0.411763,0.3261,0.181841,,,,,,
36348,0.000953,-0.022816,-0.03003,-0.001064,-0.001064,-1e-06,-0.081807,-0.0,-0.0,3.0,0.3261,0.412361,0.3261,0.179786,,,,,,
36368,0.000953,-0.022816,-0.03003,2.4e-05,-0.001063,-0.001066,-0.082131,-0.0,-0.0,3.0,0.3261,0.413541,0.3261,0.17558,,,,,,
36388,0.000953,-0.022816,-0.03003,0.0,-0.001064,-1e-06,-0.082437,-0.0,-0.0,3.0,0.3261,0.414199,0.3261,0.173141,,,,,,
36408,0.001075,-0.022814,-0.030028,0.0,-0.001064,-1e-06,-0.082733,-0.0,-0.0,3.0,0.3261,0.415274,0.3261,0.168989,,,,,,
36428,0.001075,-0.022814,-0.030028,0.0,-0.001064,-1e-06,-0.082879,-0.0,-0.0,3.0,0.3261,0.416091,0.3261,0.165682,,,,,,
36448,0.001075,-0.022814,-0.030028,-0.001064,-0.001064,-1e-06,-0.08336,-0.0,-0.0,3.0,0.3261,0.416987,0.3261,0.161876,,,,,,
36468,0.001197,-0.022812,-0.030027,-0.001064,0.0,0.0,-0.083567,-0.0,-0.0,3.0,0.3261,0.41775,0.3261,0.15847,,,,,,
36488,0.001075,-0.022814,-0.030028,-0.001064,0.0,0.0,-0.083706,-0.0,-0.0,3.0,0.3261,0.41854,0.3261,0.154759,,,,,,
36508,0.001077,-0.022936,-0.030028,-0.001064,-0.001064,-1e-06,-0.084048,-0.0,-0.0,3.0,0.3261,0.419407,0.3261,0.150427,,,,,,
36528,0.001078,-0.022936,-0.03015,-0.00104,-0.001063,-0.001066,-0.084326,-0.0,-0.0,3.0,0.3261,0.420256,0.3261,0.15,,,,,,
36548,0.001076,-0.022814,-0.03015,0.0,-0.001064,-1e-06,-0.084557,-0.0,-0.0,3.0,0.3261,0.421192,0.3261,0.15,,,,,,
36568,0.001076,-0.022814,-0.03015,0.0,-0.001064,-1e-06,-0.084669,-0.0,-0.0,3.0,0.3261,0.422003,0.3261,0.15,,,,,,
36588,0.001076,-0.022814,-0.03015,0.0,-0.001064,-1e-06,-0.084822,-0.0,-0.0,3.0,0.3261,0.422825,0.3261,0.15,,,,,,
36608,0.0012,-0.022812,-0.030271,-0.00104,1e-06,-0.001065,-0.085005,-0.0,-0.0,3.0,0.3261,0.423581,0.3261,0.15,,,,,,
36628,0.0012,-0.022812,-0.030271,-0.001064,0.0,0.0,-0.085358,-0.0,-0.0,3.0,0.3261,0.424448,0.3261,0.15,,,,,,
36648,0.0012,-0.022812,-0.030271,-0.001064,0.0,0.0,-0.085358,-0.0,-0.0,3.0,0.3261,0.425233,0.3261,0.15,,,,,,
36668,0.001078,-0.022814,-0.030272,-0.001064,-0.001064,-1e-06,-0.085668,-0.0,-0.0,3.0,0.3261,0.426063,0.3261,0.15,,,,,,
36688,0.001078,-0.022814,-0.030272,-0.00104,-0.001063,-0.001066,-0.085844,-0.0,-0.0,3.0,0.3261,0.426886,0.3261,0.15,,,,,,
36708,0.001078,-0.022814,-0.030272,0.0,-0.001064,-1e-06,-0.085926,-0.0,-0.0,3.0,0.3261,0.427784,0.3261,0.15,,,,,,
36728,0.001079,-0.022814,-0.030394,0.0,-0.001064,-1e-06,-0.086082,-0.0,-0.0,3.0,0.3261,0.428605,0.3261,0.15,,,,,,
36748,0.001079,-0.022814,-0.030394,2.4e-05,-0.001063,-0.001066,-0.086229,-0.0,-0.0,3.0,0.3261,0.42942,0.3261,0.15,,,,,,
36768,0.001201,-0.022812,-0.030393,-0.00104,-0.001063,-0.001066,-0.086316,-0.0,-0.0,3.0,0.3261,0.430247,0.3261,0.15,,,,,,
36788,0.001201,-0.022812,-0.030393,-0.001064,-0.001064,-1e-06,-0.086457,-0.0,-0.0,3.0,0.3261,0.430966,0.3261,0.15,,,,,,
36808,0.001201,-0.022812,-0.030393,-0.001064,0.0,0.0,-0.086567,-0.0,-0.0,3.0,0.3261,0.431772,0.3261,0.15,,,,,,
36828,0.001079,-0.022814,-0.030394,-0.00104,-0.001063,-0.001066,-0.08672,-0.0,-0.0,3.0,0.3261,0.432561,0.3261,0.15,,,,,,
36848,0.001079,-0.022814,-0.030394,-0.00104,1e-06,-0.001065,-0.086789,-0.0,-0.0,3.0,0.3261,0.433353,0.3261,0.15,,,,,,
36868,0.001079,-0.022814,-0.030394,0.0,0.0,0.0,-0.086886,-0.0,-0.0,3.0,0.3261,0.434246,0.3261,0.15,,,,,,
36888,0.001081,-0.022814,-0.030516,0.0,-0.001064,-1e-06,-0.086969,-0.0,-0.0,3.0,0.3261,0.435041,0.3261,0.15,,,,,,
36908,0.001203,-0.022812,-0.030515,0.0,-0.001064,-1e-06,-0.08704,-0.0,-0.0,3.0,0.3261,0.43586,0.3261,0.15,,,,,,
36928,0.001202,-0.02269,-0.030637,0.0,-0.001064,-1e-06,-0.087104,-0.0,-0.0,3.0,0.3261,0.436649,0.3261,0.15,,,,,,
36948,0.001202,-0.02269,-0.030637,-0.001064,-0.001064,-1e-06,-0.087104,-0.0,-0.0,3.0,0.3261,0.437423,0.3261,0.15,,,,,,
36968,0.001202,-0.022691,-0.030643,-0.001064,0.0,0.0,-0.087187,-0.0,-0.0,3.0,0.3261,0.438121,0.3261,0.15,,,,,,
36988,0.00108,-0.022692,-0.030639,-0.00104,1e-06,-0.001064,-0.087207,-0.0,-0.0,3.0,0.3261,0.438872,0.3261,0.15,,,,,,
37008,0.001081,-0.022814,-0.030516,-0.00104,1e-06,-0.001065,-0.087233,-0.0,-0.0,3.0,0.3261,0.439646,0.3261,0.15,,,,,,
37028,0.001081,-0.022814,-0.030516,2.4e-05,1e-06,-0.001065,-0.087259,-0.0,-0.0,3.0,0.3261,0.440512,0.3261,0.15,,,,,,
37048,0.001081,-0.022814,-0.030516,0.0,-0.001064,-1e-06,-0.087266,-0.0,-0.0,3.0,0.3261,0.441277,0.3261,0.15,,,,,,
37068,0.001201,-0.02269,-0.030515,0.0,-0.001064,-1e-06,-0.087263,-0.0,-0.0,3.0,0.3261,0.442066,0.3261,0.15,,,,,,
37088,0.001199,-0.02269,-0.030393,2.4e-05,-0.001063,-0.001066,-0.087257,-0.0,-0.0,3.0,0.3261,0.44283,0.3261,0.15,,,,,,
37108,0.001199,-0.02269,-0.030393,-0.00104,-0.001063,-0.001066,-0.087243,-0.0,-0.0,3.0,0.3261,0.443497,0.3261,0.15,,,,,,
37128,0.001076,-0.022692,-0.030272,-0.00104,-0.001063,-0.001066,-0.087195,-0.0,-0.0,3.0,0.3261,0.44422,0.3261,0.15,,,,,,
37148,0.001074,-0.02257,-0.030273,-0.00104,-0.001063,-0.001066,-0.087171,-0.0,-0.0,3.0,0.3261,0.444972,0.3261,0.15,,,,,,
37168,0.001075,-0.022692,-0.03015,-0.00104,-0.001063,-0.001066,-0.087147,-0.0,-0.0,3.0,0.3261,0.445722,0.3261,0.15,,,,,,
37188,0.001075,-0.022692,-0.03015,0.0,-0.001064,-1e-06,-0.087059,-0.0,-0.0,3.0,0.3261,0.446545,0.3261,0.15,,,,,,
37208,0.001198,-0.02269,-0.030271,0.0,-0.001064,-1e-06,-0.086981,-0.0,-0.0,3.0,0.3261,0.447306,0.3261,0.15,,,,,,
37228,0.001198,-0.02269,-0.030271,0.0,-0.001064,-1e-06,-0.086942,-0.0,-0.0,3.0,0.3261,0.448047,0.3261,0.15,,,,,,
37248,0.001198,-0.022568,-0.030393,-0.001064,-0.001064,-1e-06,-0.086858,-0.0,-0.0,3.0,0.3261,0.448687,0.3261,0.15,,,,,,
37268,0.001198,-0.022568,-0.030393,-0.001064,-0.001064,-1e-06,-0.086762,-0.0,-0.0,3.0,0.3261,0.449412,0.3261,0.15,,,,,,
37288,0.001076,-0.02257,-0.030395,-0.001064,-0.001064,-1e-06,-0.086704,-0.0,-0.0,3.0,0.3261,0.450117,0.3261,0.15,,,,,,
37308,0.001076,-0.02257,-0.030395,-0.001064,-0.001064,-1e-06,-0.086598,-0.0,-0.0,3.0,0.3261,0.450835,0.3261,0.15,,,,,,
37328,0.001076,-0.02257,-0.030395,-0.001064,-0.001064,-1e-06,-0.086484,-0.0,-0.0,3.0,0.3261,0.451549,0.3261,0.15,,,,,,
37348,0.001077,-0.02257,-0.030517,0.0,-0.001064,-1e-06,-0.086298,-0.0,-0.0,3.0,0.3261,0.452335,0.3261,0.15,,,,,,
37368,0.001077,-0.02257,-0.030517,0.0,-0.001064,-1e-06,-0.086193,-0.0,-0.0,3.0,0.3261,0.453045,0.3261,0.15,,,,,,
37388,0.001199,-0.022568,-0.030515,0.0,-0.001064,-1e-06,-0.086036,-0.0,-0.0,3.0,0.3261,0.453768,0.3261,0.15,,,,,,
37408,0.001199,-0.022568,-0.030515,-0.001064,-0.001064,-1e-06,-0.085876,-0.0,-0.0,3.0,0.3261,0.454373,0.3261,0.15,,,,,,
37428,0.0012,-0.022568,-0.030637,-0.001064,-0.001064,-1e-06,-0.085707,-0.0,-0.0,3.0,0.3261,0.455064,0.3261,0.15,,,,,,
37448,0.001078,-0.02257,-0.030639,-0.001064,-0.001064,-1e-06,-0.085618,-0.0,-0.0,3.0,0.3261,0.455742,0.3261,0.15,,,,,,
37468,0.001078,-0.02257,-0.030639,-0.001064,0.0,0.0,-0.085406,-0.0,-0.0,3.0,0.3261,0.456418,0.3261,0.15,,,,,,
37488,0.001078,-0.02257,-0.030639,-0.001064,0.0,0.0,-0.085267,-0.0,-0.0,3.0,0.3261,0.457105,0.3261,0.15,,,,,,
37508,0.00108,-0.022692,-0.030639,-0.001064,-0.001064,-1e-06,-0.085032,-0.0,-0.0,3.0,0.3261,0.457859,0.3261,0.15,,,,,,
37528,0.001078,-0.02257,-0.030639,0.0,-0.001064,-1e-06,-0.084846,-0.0,-0.0,3.0,0.3261,0.45853,0.3261,0.15,,,,,,
37548,0.00108,-0.02257,-0.030761,0.0,-0.001064,-1e-06,-0.08468,-0.0,-0.0,3.0,0.3261,0.459204,0.3261,0.15,,,,,,
37568,0.001202,-0.022568,-0.030759,0.0,-0.001064,-1e-06,-0.084428,-0.0,-0.0,3.0,0.3261,0.459883,0.3261,0.15,,,,,,
37588,0.001202,-0.022568,-0.030759,-0.001064,0.0,0.0,-0.084185,-0.0,-0.0,3.0,0.3261,0.460448,0.3261,0.15,,,,,,
37608,0.00108,-0.022571,-0.030766,-0.001064,0.0,0.0,-0.083919,-0.0,-0.0,3.0,0.3261,0.461067,0.3261,0.15,,,,,,
37628,0.00108,-0.022571,-0.030766,-0.001064,-0.001064,-1e-06,-0.083786,-0.0,-0.0,3.0,0.3261,0.461736,0.3261,0.15,,,,,,
37648,0.001081,-0.022571,-0.030888,-0.001064,-0.001064,-1e-06,-0.08355,-0.0,-0.0,3.0,0.3261,0.462381,0.3261,0.15,,,,,,
37668,0.001081,-0.022571,-0.030888,0.0,-0.001064,-1e-06,-0.083117,-0.0,-0.0,3.0,0.3261,0.463067,0.3261,0.15,,,,,,
37688,0.001081,-0.022571,-0.030888,0.0,-0.001064,-1e-06,-0.082974,-0.0,-0.0,3.0,0.3261,0.463724,0.3261,0.15,,,,,,
37708,0.001081,-0.022571,-0.030888,0.0,-0.001064,-1e-06,-0.082737,-0.0,-0.0,3.0,0.3261,0.464358,0.3261,0.15,,,,,,
37728,0.001205,-0.022569,-0.031009,0.0,-0.001064,-1e-06,-0.08235,-0.0,-0.0,3.0,0.3261,0.464983,0.3261,0.15,,,,,,
37748,0.001205,-0.022569,-0.031009,-0.001064,-0.001064,-1e-06,-0.082042,-0.0,-0.0,3.0,0.3261,0.46551,0.3261,0.15,,,,,,
37768,0.001205,-0.022569,-0.031009,-0.001064,-0.001064,-1e-06,-0.081713,-0.0,-0.0,3.0,0.3261,0.466116,0.3261,0.15,,,,,,
37788,0.001205,-0.022569,-0.031009,-0.001064,-0.001064,-1e-06,-0.081386,-0.0,-0.0,3.0,0.3261,0.466718,0.3261,0.15,,,,,,
37808,0.001205,-0.022569,-0.031009,-0.001064,-0.001064,-1e-06,-0.081164,-0.0,-0.0,3.0,0.3261,0.467339,0.3261,0.15,,,,,,
37828,0.001084,-0.022571,-0.031132,0.0,-0.001064,-1e-06,-0.080761,-0.0,-0.0,3.0,0.3261,0.467895,0.3261,0.15,,,,,,
37848,0.001206,-0.022569,-0.031131,0.0,-0.001064,-1e-06,-0.080552,-0.0,-0.0,3.0,0.3261,0.468621,0.3261,0.15,,,,,,
37868,0.001206,-0.022569,-0.031131,0.0,-0.001064,-1e-06,-0.080053,-0.0,-0.0,3.0,0.3261,0.469174,0.3261,0.15,,,,,,
37888,0.001206,-0.022569,-0.031131,0.0,-0.001064,-1e-06,-0.079748,-0.0,-0.0,3.0,0.3261,0.469678,0.3261,0.15,,,,,,
37908,0.001206,-0.022569,-0.031131,-0.001064,-0.001064,-1e-06,-0.079349,-0.0,-0.0,3.0,0.3261,0.470244,0.3261,0.15,,,,,,
37928,0.001084,-0.022571,-0.031132,-0.001064,0.0,0.0,-0.078965,-0.0,-0.0,3.0,0.3261,0.470785,0.3261,0.15,,,,,,
37948,0.001085,-0.022571,-0.031254,-0.001064,-0.001064,-1e-06,-0.078767,-0.0,-0.0,3.0,0.3261,0.471384,0.3261,0.15,,,,,,
37968,0.001085,-0.022571,-0.031254,-0.001064,-0.001064,-1e-06,-0.078356,-0.0,-0.0,3.0,0.3261,0.471937,0.3261,0.15,,,,,,
37988,0.001085,-0.022571,-0.031254,0.0,-0.001064,-1e-06,-0.078133,-0.0,-0.0,3.0,0.3261,0.472524,0.3261,0.15,,,,,,
38008,0.001085,-0.022571,-0.031254,0.0,-0.001064,-1e-06,-0.077799,-0.0,-0.0,3.0,0.3261,0.47317,0.3261,0.15,,,,,,
38028,0.001207,-0.022569,-0.031253,0.0,-0.001064,-1e-06,-0.077086,-0.0,-0.0,3.0,0.3261,0.473675,0.3261,0.15,,,,,,
38048,0.001207,-0.022569,-0.031253,0.0,-0.001064,-1e-06,-0.076703,-0.0,-0.0,3.0,0.3261,0.474218,0.3261,0.15,,,,,,
38068,0.001207,-0.022569,-0.031253,-0.001064,-0.001064,-1e-06,-0.076365,-0.0,-0.0,3.0,0.3261,0.474682,0.3261,0.15,,,,,,
38088,0.001209,-0.022691,-0.031253,-0.001064,-0.001064,-1e-06,-0.075876,-0.0,-0.0,3.0,0.3261,0.475196,0.3261,0.15,,,,,,
38108,0.001211,-0.022691,-0.031375,-0.001064,-0.001064,-1e-06,-0.075401,-0.0,-0.0,3.0,0.3261,0.475708,0.3261,0.15,,,,,,
38128,0.001089,-0.022693,-0.031376,0.0,-0.001064,-1e-06,-0.074919,-0.0,-0.0,3.0,0.3261,0.476191,0.3261,0.15,,,,,,
38148,0.001211,-0.022691,-0.031375,0.0,-0.001064,-1e-06,-0.074419,-0.0,-0.0,3.0,0.3261,0.476797,0.3261,0.15,,,,,,
38168,0.001209,-0.022569,-0.031375,0.0,-0.001064,-1e-06,-0.073977,-0.0,-0.0,3.0,0.3261,0.477301,0.3261,0.15,,,,,,
38188,0.001209,-0.022569,-0.031375,0.0,-0.001064,-1e-06,-0.073508,-0.0,-0.0,3.0,0.3261,0.477797,0.3261,0.15,,,,,,
38208,0.001209,-0.022569,-0.031375,0.0,-0.001064,-1e-06,-0.07312,-0.0,-0.0,3.0,0.3261,0.478221,0.3261,0.15,,,,,,
38228,0.00121,-0.022568,-0.031497,-0.001064,0.0,0.0,-0.072806,-0.0,-0.0,3.0,0.3261,0.478741,0.3261,0.15,,,,,,
38248,0.001212,-0.022691,-0.031497,-0.001064,-0.001064,-1e-06,-0.072086,-0.0,-0.0,3.0,0.3261,0.479175,0.3261,0.15,,,,,,
38268,0.001212,-0.022691,-0.031497,-0.001064,0.0,0.0,-0.071544,-0.0,-0.0,3.0,0.3261,0.479639,0.3261,0.15,,,,,,
38288,0.001212,-0.022691,-0.031497,0.0,0.0,0.0,-0.071276,-0.0,-0.0,3.0,0.3261,0.480237,0.3261,0.15,,,,,,
38308,0.001212,-0.022691,-0.031497,0.0,-0.001064,-1e-06,-0.070743,-0.0,-0.0,3.0,0.3261,0.480695,0.3261,0.15,,,,,,
38328,0.001213,-0.02269,-0.031619,0.0,-0.001064,-1e-06,-0.070188,-0.0,-0.0,3.0,0.3261,0.481145,0.3261,0.15,,,,,,
38348,0.001213,-0.02269,-0.031619,0.0,-0.001064,-1e-06,-0.069676,-0.0,-0.0,3.0,0.3261,0.481515,0.3261,0.15,,,,,,
38368,0.001335,-0.022689,-0.031618,-0.001064,-0.001064,-1e-06,-0.069119,-0.0,-0.0,3.0,0.3261,0.481978,0.3261,0.15,,,,,,
38388,0.001213,-0.02269,-0.031619,-0.001064,-0.001064,-1e-06,-0.068842,-0.0,-0.0,3.0,0.3261,0.482445,0.3261,0.15,,,,,,
38408,0.001215,-0.02269,-0.031741,-0.001064,0.0,0.0,-0.067879,-0.0,-0.0,3.0,0.3261,0.482797,0.3261,0.15,,,,,,
38428,0.001215,-0.02269,-0.031741,-0.001064,0.0,0.0,-0.067523,-0.0,-0.0,3.0,0.3261,0.483261,0.3261,0.15,,,,,,
38448,0.001215,-0.02269,-0.031741,0.0,-0.001064,-1e-06,-0.066876,-0.0,-0.0,3.0,0.3261,0.483664,0.3261,0.15,,,,,,
38468,0.001215,-0.02269,-0.031741,-0.001064,-0.001064,-1e-06,-0.066269,-0.0,-0.0,3.0,0.3261,0.48407,0.3261,0.15,,,,,,
38488,0.001337,-0.022688,-0.03174,0.0,-0.001064,-1e-06,-0.065954,-0.0,-0.0,3.0,0.3261,0.484634,0.3261,0.15,,,,,,
38508,0.001337,-0.022688,-0.03174,0.0,-0.001064,-1e-06,-0.06548,-0.0,-0.0,3.0,0.3261,0.485059,0.3261,0.15,,,,,,
38528,0.001338,-0.022688,-0.031862,0.0,-0.001064,-1e-06,-0.064871,-0.0,-0.0,3.0,0.3261,0.485371,0.3261,0.15,,,,,,
38548,0.001338,-0.022688,-0.031862,-0.001064,-0.001064,-1e-06,-0.064302,-0.0,-0.0,3.0,0.3261,0.485768,0.3261,0.15,,,,,,
38568,0.001338,-0.022688,-0.031862,-0.001064,-0.001064,-1e-06,-0.06342,-0.0,-0.0,3.0,0.3261,0.486098,0.3261,0.15,,,,,,
38588,0.001216,-0.02269,-0.031863,-0.001064,-0.001064,-1e-06,-0.062976,-0.0,-0.0,3.0,0.3261,0.486485,0.3261,0.15,,,,,,
38608,0.001216,-0.02269,-0.031863,-0.001064,-0.001064,-1e-06,-0.062213,-0.0,-0.0,3.0,0.3261,0.486827,0.3261,0.15,,,,,,
38628,0.001216,-0.02269,-0.031863,0.0,-0.001064,-1e-06,-0.061551,-0.0,-0.0,3.0,0.3261,0.487264,0.3261,0.15,,,,,,
38648,0.001218,-0.022812,-0.031863,0.0,-0.001064,-1e-06,-0.060896,-0.0,-0.0,3.0,0.3261,0.487616,0.3261,0.15,,,,,,
38668,0.001219,-0.022812,-0.031985,0.0,-0.001064,-1e-06,-0.060567,-0.0,-0.0,3.0,0.3261,0.488027,0.3261,0.15,,,,,,
38688,0.001341,-0.02281,-0.031984,0.0,-0.001064,-1e-06,-0.059586,-0.0,-0.0,3.0,0.3261,0.48833,0.3261,0.15,,,,,,
38708,0.001341,-0.02281,-0.031984,0.0,-0.001064,-1e-06,-0.05893,-0.0,-0.0,3.0,0.3261,0.488585,0.3261,0.15,,,,,,
38728,0.001341,-0.02281,-0.031984,-0.001064,0.0,0.0,-0.058365,-0.0,-0.0,3.0,0.3261,0.488934,0.3261,0.15,,,,,,
38748,0.001343,-0.02281,-0.032106,-0.001064,-0.001064,-1e-06,-0.058016,-0.0,-0.0,3.0,0.3261,0.489322,0.3261,0.15,,,,,,
38768,0.001343,-0.02281,-0.032106,0.0,0.0,0.0,-0.057048,-0.0,-0.0,3.0,0.3261,0.489584,0.3261,0.15,,,,,,
38788,0.001343,-0.02281,-0.032106,-0.001064,-0.001064,-1e-06,-0.056351,-0.0,-0.0,3.0,0.3261,0.489973,0.3261,0.15,,,,,,
38808,0.001343,-0.02281,-0.032106,0.0,-0.001064,-1e-06,-0.055645,-0.0,-0.0,3.0,0.3261,0.490193,0.3261,0.15,,,,,,
38828,0.001341,-0.022688,-0.032106,0.0,-0.001064,-1e-06,-0.05529,-0.0,-0.0,3.0,0.3261,0.490637,0.3261,0.15,,,,,,
